,translation_output
0,OPPO A75 A75s A73 mobile phone shell soft shell lanyard shell big eye rabbit silicone shell
1,SOFT 99 coated car wax (strong water repellent type)
2,Low Sugar Dried Mango 250g
3,ÔºäTrail CultureÔºäROUND TOP space craft-diamond (SC-MK-010) imported from Japan
4,Hello Kitty Hello Kitty KITTY Sandals Kids Shoes White/Red Kids no739
5,Thunderbird LT-234 Japanese wood grain table mat 45 x 60 cm / piece
6,Mad Sand Boy DVD VOL-08
7,ANACOMDA Python T1 Titan Series 120GB SSD Solid State Drive
8,iFairies Shoulder Messenger Bag Side Backpack Shoulder Bag [49146]
9,Daxueshan Farm Mountain Bitter Gourd Tea 20 sachets/box
10,Colgate double-effect clean toothbrush single
11,Apieu Color Lip Pencil MATT silk satin
12,Rui Feike Milano Rose Gold Ballpoint Pen
13,Finding Nemo 2 Glass Magnet Dolly
14,Natural Licorice Seeds 160g Pumpkin Seeds 150g Shopping168
15,PAPAGO 368miniHD driving recorder
16,ISTA 4 points filter head 2pcs
17,DOT spot Adidas Essentials Chest Logo square square gray blue hooded cap T men's B45729
18,Tassel three-dimensional suede moccasins blue/black„ÄêDF337„Äë
19,New fashion cute baby embroidered dress
20,Customized bubble airbag mobile phone holder Dream catcher feather
21,PRADA robot printed nylon clutch
22,Imarflex ‰ºäÁéõ2 Liter #304 stainless steel fast-cooking pot IK-2006
23,CASIO EX-TR80 TR80 ÈÄÅTESCOM TTH2610
24,Japanese wool blended warm pile pile beret hat
25,Japan AZZEEN Zhiyan planting queen lotion 500ml (2 models) [UR8D]
26,Delphi Oracles THE ORACLE OF DELPHI Traditional Chinese Version Kaohsiung Ponzi Board Game Neuschwanstein
27,MAX TEA Indonesian Tea 25g*30 sachets can be taken from Bali
28,Friends of Education Dear Baby Adult Relief Coloring Book
29,Broken plate clear ‚òÖ shorts slim thin casual hot pants ‚òÖ ifairies„ÄêSM24454„Äë
30,NEW BALANCE 247 series pink gray socks retro casual shoes WS247UI UE
31,Cross body backpack greenwood velvet bucket bag-joanna shop
32,LeSportsac Sweet Letter Daily Tote
33,Casual breathable mesh simple seven-hole short boots NO. 09757
34,Breathable mesh deodorant wicking five-toe socks (no color pick) DT1179
35,Polo shirt Indian geometric totem top (female)
36,Sea of ‚Äã‚ÄãSpa Dead Sea Wild Orchid and Almond Milk Exfoliating Body Wash
37,Girls' clothes Summer dresses Magic Baby~k50319
38,Sweet lace chiffon top with fungus ears 1709075
39,ADIDAS neo CF LITE RACER ADAPT strapless running shoes DB1645 spot
40,[Warm shop] HERO hero 359 fountain pen special ink tube 6 into / package
41,Japan ambai snow flat pot 14cm-Makoto Koizumi made in Japan ISK-52014
42,Classic popular characteristic lattice shape wild casual business shirt W018075-5651
43,Roger & Gallet Spanish Citrus Perfume Body Lotion 200ML RNG0420013
44,Germany Rohrer & Klingner Pen Ink 50ml-Gold Green RK530 / Bottle
45,OLFA DKB-5 Economical 30 degree fine work knife blade 50 pieces / box
46,Fashionable temperament fresh and practical hair band hair accessories hair hoop 311
47,US PENNPLAX cartoon jewelry series (authorized sale) [leather boss] free shipping
48,agn√®s b. ab heart pop style cosmetic bag (small)
49,Witch's Test DVD (1-51)
50,ASICS ASICS GEL-NIMBUS 18 LITE-SHOW top jogging shoes men T60XQ5338 Big-O Sports
51,Mattress memory foam moisture wicking 8cm bamboo charcoal memory mattress double KOTAS
52,ISTA Adjustable Duct Tee
53,Handmade Low Sugar Butter Cookies (Box/16 Pieces)
54,Infant soft-brimmed hat Magic Baby~g3603a
55,Tinkerbell's shop-viola strings (fourth string C string) Austria Thomastik Spirocore S22
56,Car seat back beverage storage hanging bag (not picking color)
57,Korea Johnson & Johnson mise en scene perfect base hair root nutrition hair care oil (golden) 100ml„ÄêUR8D„Äë
58,MORINOxLUCAS designer joint name-fashion sports flat pants (blue) MO2413
59,Parker Parker Ingenuity fifth element series elite purple sand brown rose gold clip S pen P0959070
60,"Customized models-small square head gentleman loafers (black, gray, white) -12020246"
61,MARLMARL Dolce Dessert Bib-Pink Lace
62,CACO-Stitching Petticoat University T (Female)„ÄêNCH209„Äë
63,Zhuyou WA-01037 Multi-Function Tag/5 Entry
64,KOSE Hyalocharge Hyaluronic Acid Whitening Lotion 180ml
65,Johnny Auction ~ BASEUS Apple iPhone SE/5/5S Space Shell Transparent Shell Protective Shell Hard Shell
66,Mini 50% Off Sun Umbrella Sun Umbrella Pocket Umbrella Pocket Umbrella [23606]
67,Metal rotating clip 16G flash drive
68,Kang Shimei Hello Kitty Happy Tableware Set
69,Cat Love Snack 5 in 35g
70,ADIDAS SUPERSTAR BOLD W leather gold label thick bottom white black female BA7666
71,Cable tie white 3.6x200mm (2001)
72,COACH Full Leather Flap Magnetic Buckle Casual Crossbody Bag
73,Mitsubishi Pencil Disney Limited Ballpoint Pen SXN-189DS-05
74,Carnation Slim Butterfly Cotton (Night Use) 14 Pieces
75,Simple English Phone Case Soft Case HTC E9 E9+ M8 M9 M9+ M10 U11 U Ultra U11+ U PLAY
76,Korean. Thick shoulder strap cross tank top
77,Boys' shoes authorized by the Taiwanese spider man authorized genuine canvas shoes Magic Baby~sa89326
78,Cotton and linen printed pocket placemat
79,Samsung S9 Plus S9 Panda Silicone Case Mobile Phone Case Protective Case Full Cover Silicone Soft Case
80,Boys Set Taiwanese Monster Watch Pure Cotton Vest Set Magic Baby~k50145
81,Korea Kit Kat Raspberry Sandwich 3pcs/box„ÄêCherry Ornament„Äë„Äê28526„Äë
82,Mora fashion polarized sports sunglasses VIE-PBpl MOLA SPORTS
83,Dinosaur Giant Tooth Bite Super Tooth Kaohsiung Punk Board Game Kangagames
84,Blu-ray key rescue 72 hours BD
85,Ziqiang PP512 two-hole hole clamp / box
86,JANSEN Natural Aroma Ink Green Apple (Apple Green) *2206 Reservation Required
87,Magic Baby Pillow Taiwan Made Angry Birds Genuine Pillow ~c0125
88,All models Mobile phone cases Sony Z3 Z3+ Z4 Z5 XZ1 XA1 Plus premium Z5P Z5C Z3C
89,NIKE Nike LEBRON XV LOW EP basketball shoes AO1756100
90,International Brand Blue Battery Special Store
91,Ouke Cold Tea Honey Black Tea (30 sachets/box)
92,EXTRA Sugar-Free Chewing Gum-Sweet Grape Flavor 28g
93,COACH New C LOGO Carriage PVC Zipper Long Clip
94,PGS7-Photo Protective Case-Fuji SQ Sticky 10pcs„ÄêSCZ7937„Äë
95,[Buy 2 get 4 activities see details] Kailash Khadi Herbal Handmade Soap-Rose Geranium 125g
96,Japan MARNA double-sided vegetable melon cloth
97,Original German imported Online Fun Pen 30334-Black F/pc
98,Cat Playground-Jungle Series No. 5
99,Beirui Herbal Body Wash 1000ml
100,OPPO A3 A75s A75 A73 A73s Find X mobile phone shell mirror soft shell mirror airbag bracket shell
101,KOMAX Salad Bottle-2 colors available (green/pink) [Cherry Ornaments] [20048]
102,Lock and lock LLG884 top cover
103,Platinum multi-purpose series-Shiyi (owl) three-use pen/MB-3000
104,‚òÖPerfect cut‚òÖP9015 line shape socks
105,A Lang! A Lang DVD Chen Zhenlei/Zhang Chunfang
106,BMW M-POWER Body Sticker E30 E34 E36 E38 E39 E46 E60 E65 Yixuan Boutique A0317
107,C02X1 MERCURY Denim Leather Case ZENFONE 2 Laser 5 inch Silicone ZE500KL
108,(Health Story) Japanese Soup Pot/Casserole (A-19)
109,Pre-order-Korean color contrast striped T-shirt„ÄêAB050306„Äë
110,LIYO English alphabet casual cotton T-shirt E712003
111,Beska mask dustproof windproof mask
112,CACO-striped sweater (female)„ÄêNCH061„Äë
113,Special Body: Siamese Twin DVD
114,ViewSonic ViewSonic 24 inch Full HD ergonomic LED LCD screen VG2439SMH
115,South Korea The Saem x Disney Mascara 7g Disney Joint Minnie Mascara Mascara Curly Thick Eye Makeup Beauty
116,Jiebao S45-120180-5 five-layer load-bearing wave frame
117,‚òÖPerfect tailoring‚òÖP9006 big face cat cushion pillow
118,Lanyard matte shell OPPO R9 R9S S8 Plus Note8 F1S J7 J7P S7 edge Note5 solid color
119,Samsung Cartoon Phone Case Unicorn NOTE2 NOTE3 NOTE4 NOTE5 NOTE8 A8-2018 A8 2016
120,Parker IM Classic Noble Series Bright Chrome Check Ball Pen P0905700
121,Dogeared Taipei ShopSmart Direct Store Beautiful Rainbow Rainbow Silver Earrings with original box
122,Cat coin purse Cute coin purse Coin purse Headphone storage box Horse coin purse
123,Creative iPhone8 iPhone7 Plus i7 i8 mobile phone case lanyard all-inclusive anti-fall PH01215
124,Tongchun GF663M round 4-hole clip-12pcs/box
125,Johnsons Soothing Oil-Lavender 500ml
126,Refreshing Adult Diapers M 16 Pieces [Watson's]
127,Tinkerbell's Shop-American RICO RI-S Soprano Soprano (25 pieces)
128,STEMCIN Regenerating Energy Snail Essence
129,New Disney ears ‚ô™ set point Narikiri BABY DOLL Disney ‚òÖ
130,Backpack Backpack Backpack AIRWALK Future Declaration Universal Backpack A755321820
131,Collector CD-105 All-round fashionable moistureproof box
132,mt WRAP (mini size) „ÉªWilliam Morris Arbutus mt Japanese paper self-adhesive wrapping paper
133,Aromatherapy Soul Music 2 Best Collection CD (Shop 8)
134,Shiny glossy long version perspective shirt
135,Korea Bbi@ Perfect Color Waterproof Eyeliner (Chocolate Series)
136,Grain shovel-green
137,Japan JEJ STORA series single-layer stackable multi-function drawer box/B4 5 colors optional
138,Value 6 into hot stamping red envelopes „ÄêBD09006„Äë
139,Sanduo Healthy Dietary Fiber 350g
140,A0014 BMW mid-net sticker three-color sticker E36 E39 E46 E53 E87 F01 F02 F10 F20 F30 X4
141,Taiwan OTTO full-floating particulate feed for small fish [50g]
142,Blue Penguin PUKU Thumb Up Newborn Pacifier (10305) Good doll
143,TORY BURCH cute navy sailboat anchor totem straw loafers
144,"Baseus iPhone 7 Plus simple protective shell fits tightly and feels delicate, anti-fall protective sleeve"
145,Gas mask original 3200 gas mask/anti-paint odor/formaldehyde-resistant chemical/industrial
146,Japan Beiyin LED Magnifying Glass Nail Scissors KIKQ0334 / Stick
147,Paris Laiya Perfect Whitening Whitening Cleansing Lotion 100ML„ÄêWatson's„Äë
148,Sports running summer men and women outdoor cycling warm knee pads
149,Baolu Dry Food Beef and Vegetable Flavor 1.5kgX6 bags/carton
150,Venus Vnice V-2608 strongly recommends physical knife shredder / Taiwan
151,Fuji Polaroid Camera-Mini9 Mini 9 White / Red / Green / Light Blue Green / Blue Violet
152,Japanese original Rabuadabudabu castanets
153,Called Ah Chao-Outdoor Breathable Sun Hat/Baseball Hat [BQ273]
154,TOD‚ÄòS TOD‚ÄôS single knot ballet flats with calfskin
155,„ÄêTORO„ÄëPVC Embossed Light 3X7 Feet Wardrobe CS-P27
156,MIZUNO Women's Mizuno Jogging Shoes-J1GD183001
157,ELLE Limited Exclusive-Classic Metal LOGO Twill Shoulder Bag
158,NIKE ROSHE ONE FLIGHT WEIGHT (PSV) sports children's shoes big children 819690008
159,National Sports-Badminton DVD
160,[ZIYA] SONY PS4 Wireless Game Handle/Remote Control Handle USB Cable Medium Distance
161,[TORO] Walnut 3X6 Flower Line High Shoe Cabinet CS-405
162,UNIX curl serve 38mm cherry blossom powder PW5381TW
163,Moomin Yamei Lulumi mobile phone case ASUS ZD552KL ZB551KL ZB552KL ZC554KL ZE554KL
164,SWAROVSKI Swarovski 925 sterling silver bracelet E41
165,P20 Pro nova3e Y7s Redmi Note5 Xiaomi Mix2s ZenFone5 V30s mobile phone case side drill tassel drill case
166,Dogeared Taipei ShopSmart Direct Store Mini Flower Teeny flower gold earrings with 14k gold
167,Germany Scheder Building MS323SB10 Triangle Writing Painted Pen
168,Shiny screen protector Hon Hai InFocus M5s IF9002 protector bright sticker bright sticker
169,Bottega Veneta BV NAPPA Classic Woven Sheepskin Zipper Shell Crossbody Bag
170,Color D-type three-sided plug with 2 in dust cover SC
171,Value 2 pack Deodorizing insect repellent mildew camphor sticks 10 into „ÄêAF07047-2„Äë
172,Grunland lazy shoes casual shoes cat blue women's shoes CI2206 no004
173,Japan GATSBY Hair Sculpting Cream (Strong Viscosity) 200g G-171N„ÄêUR8D„Äë
174,"Denim tannin shorts, wind irregularly worn rough pants, high waist, hot pants"
175,Mentholatum Lipstick 3.5g-Green Apple/Strawberry/Lemon/Grape
176,Baby Love Softening Lotion-12oz
177,Promotion from now on [LAMY] Stellar Series 26 Silver Black Fountain Pen (EF/F/M)
178,MICHAEL KORS Jet Set Travel scratch-resistant leather buckle long clip
179,Jeans boyfriend pants denim drawstring pants
180,MIZUNO WAVE INSPIRE jogging shoes men J1GC164503 Big-O SPORTS
181,League of Legends LOL mobile phone case INFOCUS M812 M810 M535 M808 M511 M2 M320
182,Taiwan JNS calcium reactor second reaction tube X-1 free shipping
183,Airwalk slippers Birkenstock waterproof children's shoes pink medium children 137A014223 no009
184,Dido deflect-o 612010S entrance-aluminum square placard / pc
185,Petal lens bracket group
186,Avene Soothing Repairing Moisturizing Essence Two in Group
187,Go ahead 2 DVD VOL-1
188,"KGH Classic British Briefcase Can Hold 14"" Laptop 805RR3659"
189,Cross + Madonna Oval Brand Long Leather Necklace [NB851] South Korea brought back
190,Gymboree American children's clothing baby hat wool hat flaming 0-3M 3-6M 6-12M
191,GUERLAIN Pure Skin Cleansing SPA Exfoliating Gel 75ml
192,Pentel GFKP3-A portable cassette writing brush / support
193,UNI SXR-10 yo-yo pen 1.0mm special refill
194,POLI Rescue Little Hero ROBOCAR Sandals Blue Middle Boy no595
195,Institut Karite Paris Paris Shea Butter Honey Almond Moisturizing Body Lotion 200ml
196,Montane women's lightweight water-repellent down hooded jacket peacock blue FFEDJ
197,Hello Kitty Note5 A5 A7 2016 mobile phone case soft shell
198,LeSportsac colorful flower cross body bag
199,1 MB Anti-Static Lightweight Rainbow Comb
200,High waist was thin five-point pants loose casual wear pants YX042813
201,iFairies wallet long wallet ‚òÖifairies„Äê56480„Äë„Äê56480„Äë
202,PENTEL K600 Metal Ballpoint Pen
203,[LOVEDO Children's Wear] Sports Player No.23 Trend Polo Shirt (Dark Blue)
204,Sports half finger equipment horizontal bar training equipment fitness gloves
205,KGH canvas basketball bag marching bag Korean version of the men and women backpack large capacity sports bag 803RR4357
206,"Tinkerbell's Shop-AP232 ""Avery"" Piano Performance (3)"
207,Tennis badminton socks antibacterial cotton deodorant Taiwan smile mark M SIZE
208,"City Diamond introduces elegant ""Rainy Season Paris"" 1 carat diamond ring"
209,MTK X2 Colorful Light Bluetooth Action Microphone
210,Johnny Auction~ NILLKIN SONY Xperia Z5 Premium E6853 Amazing H Glass Sticker Back Sticker
211,„ÄêJack Wolfskin„ÄëInflatable neck pillow
212,„ÄêFeng Shitang Mall„ÄëVietnam G7 Black Coffee 15*2g
213,Deyans Gorse Essence 20ml
214,‚òÖPerfect tailoring‚òÖS90379 Korean fashion inner fleece fur coat
215,"PolarStar Women's Ultralight Hooded Down Jacket ""Gray"" P17252"
216,NIKE Nike WMNS NIKE LUNARGLIDE 7 jogging shoes women 747356005 Big-O Sports
217,Bear school phone case SONY X XA1 XA ULTRA XZs XZ XZP X1 XZ1 Compact Z5 Z3+
218,"Pet diapers, diapers, transparent bag packaging, three sizes (100 pieces/40 pieces/20 pieces)"
219,SW120 [Limited Promotion] Translucent Skinny Stockings-Straight Vine
220,Augelute Baby fake two-piece gentleman dress jumpsuit 37251
221,"The fruit belly satisfies the full range of tastes, and you can choose 6 into $999 for only $999"
222,Bento bag POLI authorized authorized bag magic Baby~f0245
223,Summer anti-mosquito classical dome princess mosquito net
224,SWAROVSKI Swarovski 925 sterling silver bracelet E42
225,Shidelou MS52850 Progressive Eraser / Support
226,V-burrowed cotton top
227,NIKE Nike W BLAZER LOW LE classic retro shoes women AA3961105
228,My Butler Antibacterial Laundry Detergent 4000g
229,Nivea Fruity Lip Balm-Peach/Watermelon 4.8g
230,COACH Carriage Logo Lychee Leather Portable/Shoulder Bag
231,Nike men and women JORDAN H86 D.Y.K.CAP casual hat AA3790010
232,MICHAEL KORS Jet Set scratch-resistant leather phone clutch
233,"Love, fall in love with you DVD"
234,Fashionable temperament fresh and practical hair band hair accessories hair hoop 319
235,Flannel double quilt cover 180x210cm
236,Authorized HOLL KITTY Square Storage Barrel/Tabletop Trash Can-Made in Taiwan
237,Peripera_Milk Color Lip Balm
238,HIDO handmade soap (100g/in)
239,I want you to have a good phone case SONY X XA1 XA ULTRA XZs XZ XZP XZ1 Compact Z5 Z3+
240,Leg and waist fatigue and relaxation double roller massager Shopping168
241,REBECCA MINKOFF REGAN SATCHEL soft leather lychee pattern two-use bag
242,BlueAnt PUMP LITE2 Wireless Bluetooth Sports Headphone-Aurora Blue
243,NIKE Nike LEBRON XIII LOW BG basketball shoes women 834347002 Big-O Sports
244,SL Store [GS196] Wild personality punk sexy hollow fishnet fishnet stockings. Black/F One Size
245,Longchamp folding short handle leather nylon dumpling bag handbag small bag female bag (small-gray)
246,Success 21333 Japanese-style color magnet 3cm (12 cards/box)
247,LED 18W track projection light track lighting (white)
248,Lamborghini Aventador SV Indonesia Police Car 1/64*Play Daren Traffic Toy Mat
249,Straight-grain colorblock shoulder strap padded sports vest. Black/white
250,MARUS Bluetooth wireless dynamic microphone MCR-10
251,Small buckle sealed jar 600ml freshness and moisture storage tank kitchen dry food
252,Down jacket warmth preferred bright eye letter embroidered down cotton jacket Elsa„ÄêTGK5919„Äë
253,Backpack Backpack in boolean color English-Joanna Shop
254,Crown Puppy Jar-Puppy 100g„ÄêBao Luo Pet Products„Äë
255,EAA-007 Star Wars Dawning: Empire Desert Soldiers_Beast Kingdom
256,Zhenghan Plain Textured Down Cotton Jacket Elsa„ÄêTA570100„Äë
257,Iron Maiden DVD Han Xiangqin/White Eagle
258,COACH Counter Taylor Carriage Lychee Leather Shoulder Bag
259,ALVIERO MARTINI map bag classic map city charm square (45*170)
260,„ÄêKaiyi Music„ÄëPremier piano course sight reading 2B
261,Lance Double Essence (R Spray)
262,[Jiangdeng] PUMA casual top long version dress casual top 57770901
263,Shude A4-B209 Desktop Information Cabinet 1-5202A4-B209
264,Iron Man SPORTS #EA183 enlarged seal box / piece
265,Mobile phone case Yanxi Raiders Sony XA ULTRA XA1 XA1 ULTRA XZP XZ ULTRA XA1PLUS protective case
266,Converse men/women Chuck Taylor All Star high-top canvas shoes black-M3310C
267,"Quick-drying AB glue 15g (QS1), 40g (QS2)"
268,„ÄêMiss.Sugar„ÄëEmbryolisse 24 Hour Magical Moisturizer 75ml
269,Transcend 4-Port high-speed HUB hub TS- HUB2K tax-included company goods
270,OPPO R17 A73s A75s R15 Pro R11s Plus FindX AX5 mobile phone shell Christmas snowflake drill shell
271,"Peas shoes, star stitched loafers-SANDARU„Äê1459517#46„Äë"
272,‚òÖPerfect tailoring‚òÖM10675 Maple Leaf LOVETEAM casual short T
273,MiYOSHI new high purity laundry soap„Äê2F3119„Äë
274,OLIMA Sensation Coating touch coating automotive coating water repellent to increase smoothness
275,GAP Classic Logo Long Sleeve Hooded Jacket (Children)
276,Long pocket cardigan
277,Pampering ‚Äß‚Äß‚ÄßHAGEN VISION New World Deep Base Easy Clean Bird Cage S02
278,Heji Traditional Crystal Rock Candy (600gX3 Pack)
279,MOSCHINO Little Pink Fresh Eau De Toilette 50ml ‚óÜ86 Shop ‚óÜ
280,NuBra Invisible Bra Chunfen Dance + Sexy Lace Panties
281,„ÄêPentel Flying Dragon„ÄëZEH-99T Standard Eraser Extra Large 12pcs/box
282,Broken disc clear ‚òÖ dress vest vest dress sleeveless sweet slim sleeveless ‚òÖ ifairies„Äê25067„Äë
283,HTC phone case cartoon Alice for 530 626 728 825 826 828 830 A9 X9 EYE E9
284,Bonjouracc Triangle Felt Ball 925 Silver Pin Clip-on Pin Earring
285,LAKME Hair Wash 250ml
286,Youlijie bubble gum new knitted patent bath towel (blue)
287,Shy by Sydney Evan Wishbone Wishing bone K-plated necklace with diamonds in sterling silver
288,PGScase Swarovski original authorized ASUS ZenFone 2 ZE550ML/ZE551ML 5.5 inch gift star/ diamond
289,Watanabe healthy dietary fiber 6g*21 pack
290,Little Pig MiNi Jule Spot Top Single Line Letter Fringed Sleeve Cotton T [SAA71006833]
291,PENTEL XPP507 0.7mm ORENZ write constant automatic pencil
292,Taiwan Mike hands-on creativity: prehistoric dinosaur 1000 sticker book
293,Pet-owned mobile phone case OPPO R9 R9S R11 R11S PLUS F1 F1S A39 A57 A77
294,"Ceramic sealed cans Tea cans Medium section ""SV8313"" Happy Life Network"
295,Japanese maruman A5 loose-leaf blank notebook *HN183A
296,HC STORE Mini Waterproof Backpack-Laser Mirror 51201
297,EYUP SABRI TUNCER Mini Eau de Toilette-Amber and Rose 16ml Turkish Airlines Designated Brand
298,Colorful and comfortable cotton plain POLO shorts_angel white
299,NIKE Nike NIKE PRO CLSC PAD TIDL MLT BRA sports underwear women 802339657 Big-O Sports
300,Vince Camuto Vince Camuto Eau De Toilette Eau de Toilette Eau de Parfum 7.5ml„ÄêUR8D„Äë
301,Parker Park Urban Urban Circuit Rose Gold Ballpoint Pen P0949140
302,Audrey Hepburn: Shuang Shu Mu DVD
303,AO Orange Blossom Water 100ml. Neroli Water. Aqua Oleum British original
304,Thai Kabuki grilled seaweed rolls 12 rolls/box
305,SKECHERS SKECH-AIR INFINITY Fashion Casual Series Male 51483BKW Big-O Sports
306,Baby shorts baby pants baby shorts children's clothing UG40523 good doll
307,Succeed High-end table racket with smooth handle (with ball) 44111-1
308,Smart energy-saving countdown timer
309,South Korea Lu RYO Nourishing and Firming Hair Cream 200ml„ÄêCherry Jewelry„Äë„Äê26035„Äë
310,Nike Women's Air Max 1 Obsidian Running Shoes 319986104
311,Phoenix Tower-The 1949 Great Move DVD
312,Tinkerbell's Shop-Tuner AROMA AT-200 two-color guitar/Ukulele
313,College sense pleated skirt
314,hoda„Äêvivo NEX„ÄëFull transparent evolution version edge reinforced 9H tempered glass protective sticker 0.21mm
315,Couple short sleeve t summer wash 33 digital short sleeve t
316,COACH COACH Carriage jacquard stitching portable / cross-body Boston bag
317,Han. Sexy personality trend wild basket empty top M022053
318,OZAKI Hanjing WoW WR325 25W 2.2 channel double output subwoofer
319,DASHING DIVA Nail Art Paint
320,New Balance New Balance TIER 3 Retro Shoes Women W530PRA Big-O SPORTS
321,COACH new leather stitching nylon double pocket backpack (large)
322,Fried Egg Snack Mobile Phone Case Samsung S8 S8+ J7+ S6 S6 edge S7 S7 edge J3 PRO J5-2016
323,CARAN d'ACHE Switzerland LEAD Liman bright black paint mechanical pencil (gold clip) 0.7 / support
324,Qoopet Multifunctional Pet Backpack-Pink
325,Flavor love
326,lena ceramic curling iron
327,ppark AIR-Bamboo Charcoal Lightweight-Quick Buckle Drawstring-L
328,ALPINE PARTY PLUG PRO top music earplugs sound filter Dutch import 20816
329,Dorma Jojoba Nourishing Oil 200ml (new packaging)
330,L'Oreal Paris Mirror Lipstick 905 Temptation Fragrance 3g
331,Star Wars EP7 Metal Key Ring 003 Captain Falsi_Beast Country
332,Slub Cotton Pleated Sleeve Button Top/White Project013
333,French Royal AS34 Sterilized Greedy Cat 2KG
334,Three Wrigley Cake Test Stick 9836N
335,Johnny Auction~ NILLKIN Apple iPhone 8 Plus 5.5-inch Magic Case TPU Anti-shock and Shockproof Phone Case
336,Japan imported YOHAKU original series and paper tape-stripe pattern (Y-006)
337,Parker PARKER JOTTER Memo Series Ruiya Black Bar Pen P0028270/F
338,Solar five beckoning cat
339,Ziqiang A480 folder / box
340,Baby jacket terry zipper casual jacket jacket UG13220 good doll
341,Fashionable simple and practical pillow 109 cushion sofa decoration pillow
342,Underwear 100% cotton cartoon triangle briefs -03 red blue car [A257]
343,Arome by Watsons silky fragrance shower gel 500ml
344,Folk Song Memorial Day DVD Value Karaoke Collection
345,ADIDAS RUN 70S black classic retro casual jogging shoes S99950
346,NIKE Nike ULTIMATE FLIGHT ANKLE SOCK basketball socks sports socks SX5420100
347,Roush-(Slim Fit) single pocket fit plain shirt „Äê715610„Äë
348,Japan Holbein (Heavy Body) 18 colors acrylic paint 20cc*au993
349,Jogging shoes Men's lightweight sports shoes Magic Baby~sd8035
350,Openwork totem embroidered shirt
351,Voluspa Gorgeous Age Golden Tobacco Tin Box Scented Candle 127g Blond Tabac
352,Revolving Sushi Sushi Go Traditional Chinese Version Kaohsiung Ponchi Board Game Kangagames
353,NEKOPARA mobile phone case ASUS ZENFONE 4 3 2 Deluxe Ultra ZOOM LASER SELFIE GO
354,120x45x180cm light five-layer paint white wave frame
355,Waterproof bamboo charcoal flat single cleaning pad
356,Magic Baby Children's Jogging Shoes Lightweight Sneakers for Middle and Old Children~sa68305
357,Faber-Castell E-MOTION series crocodile ballpoint pen *148350
358,BBQ barbecue hand drum fan igniter camping barbecue [AE02666] i-Style
359,SKECHERS ON-THE-GO Glide casual cloth shoes dark coffee men's shoes no697
360,Contrast fringed quarter socks-22100242
361,Sea of ‚Äã‚ÄãSpa Dead Sea Marine Exfoliating Cream
362,Germany Hamptons Wok/Pan Series 28cm 1 into„ÄêCherry Ornament„Äë„Äê28306„Äë
363,[HARIO] IH Induction Cooker Earthenware Classic White 2000ml MNI-225KW
364,Crystal Music Series Crystal Music Edition 6 CD (Shop 8)
365,Portable soap paper 20 pieces *4 in„ÄêAE04116-4„Äë
366,[UR8D] Ferrari Ferrari Red Power Thermal Eau De Toilette 75ml
367,EXID phone case SONY X XA1 XA ULTRA XZs XZ Premium T3 T4
368,Shangshan Herbal Medicine Arbutin Whitening Exfoliating Gel 100g
369,NEW BALANCE 574 beige rose gold metal retro casual shoes WL574FSA
370,V-neck lace translucent dress #801628
371,Slub cotton thin shoulder strap vest
372,Leif NO.0 tear-proof waterproof shockproof bag/pc
373,Men's hiking shoes waterproof outdoor hiking shoes Magic Baby~sa73503
374,Long live brand nut bag (triangle three-dimensional pack) series
375,Buttons Flix Mix Traditional Chinese Version Kaohsiung Ponzi Board Game Neuschwanstein
376,Heavy duty neoprene high performance chemical resistant gloves
377,Platinum Preppy Colorful Fountain Pen
378,Shide Building MS229NC12 Happy School Widened Crayons Twelve Color Set/Box
379,Baby shoes Taiwan-made POLI genuine Polly anti-slip sandals Magic Baby~sa81116
380,Samsung Note8 Note5 Note4 Note3 S5 S6 S7 S8 edge Plus hard shell mobile phone case
381,Guerlain Symphony Meteor Powder Ball 2 Clair
382,GXG high back beautiful posture computer chair (without armrest/large waist pillow) model 173LUNHA
383,KIKIKO Action Professional Leisure Goggles (Blue)
384,ASUS ASUS ZenFone4 Pro MAX Selfie Live 3 ZOOM anti-fall all-inclusive protective phone case
385,Swimsuit swimsuit bikini bikini Joey pink high waist swimsuit swimsuit bikini [689a]
386,Japan Pilot Baile fountain pen *FCO-3SR
387,Japan Shiseido Shiveido Neuve Make Me Brow Pencil 1.5g„ÄêCherry Ornament„Äë„Äê23648„Äë
388,Bao Luo professional photography bag single shoulder SLR camera bag 60D700D 70d 650 diagonal outdoor fashion
389,HTC Phone Case Cartoon Stitch M7 M8 M9 M9+ M10 U11 U ULTRA U PLAY U11+ A9S
390,Cornell Japanese Design Nordic Dining Table Set_5 Piece Set (Dining Table + Dining Chair Ax4)
391,Suit Early Summer Suit Jacket + Cotton Shorts Suit-2 Elsa„ÄêTAE6333„Äë
392,Sterling Silver Bao Yuanbao Lucky Cat Double Color Line Chinese Knot Bracelet
393,Germany imported Online Flower Fairy Multifunctional Pen Set 57917/group
394,Huawei HUAWEI Talkband B3 Lite smart bracelet Bluetooth headset call motion monitoring spot black
395,native JEFFERSON BLOCK hole shoes white men and women shoes 11100102-8559 no410
396,PILOT 10 boxes of water for whiteboard markers (1 box for 10 sticks)
397,ARDELL Fashion False Eyelashes-Natural False Eyelashes 8 in Group #110
398,MIZUNO WAVE RIDER 20(W) Advanced Professional Jogging Shoes Women J1GD170328 Big-O SPORTS
399,Home Shorts-Twist Grey [93007]
400,Sunshine Kangxi Pineapple Enzyme + Natto x4 Box
401,Buy crazy fun shop4fun baby baby hooded towel/bath towel
402,Chloe Croye Little Double Atmosphere Ribbon Limited Gift Box (same name + rose heart) flavor 20ml„ÄêUR8D„Äë
403,Shide Building MS526B30 Eraser / pc
404,Japanese Laundrin‚Äô perfume fragrance spray 370ML- Elegant floral fragrance
405,MISSHA velvet perfect filter mesh cushion powder
406,Do the old twisted circle open ring ‚òÖifairies„Äê33637„Äë
407,Zhanrong 19mm smile long tail clip BC070 24 in / tube
408,Daily Miscellaneous Leopard Pattern Waterproof Tote GK10029
409,Flashing Girls' Baotou Sandals/Children 21~25
410,Jiebao KM-203 Breathable Leather Chair / Sheet
411,Cross Spire Series Slim Ballpoint Pen Refill
412,Sanduo Low Protein Formula 800g
413,Large leaky net with funnel (red/blue) (JT139)
414,„ÄêWhite Coffee Shop„ÄëAromatic Cappuccino White Coffee (Box of 5)
415,"Tinkerbell's Shop-FJH2051 ""Miqisi"" Successful Piano Textbook-Elementary +CD"
416,‚òÜCHL‚òÜ NP-H7TOF-907-A~K 250 yard wedding wedding new house with DIY ribbon ribbon 11 colors optional
417,Philips Daily Collection Toaster HD2582
418,iFairies medium and large size long-sleeved T-shirt top ‚òÖifairies„Äê59000„Äë„Äê59000„Äë
419,Japanese standard PORTER FREE STYLE key / coin purse [NZP10] Qi Cai era
420,CACO-striped embroidered socks (male)„ÄêOST025„Äë
421,DOT spot adidas BP POWER III L TRAINING backpack backpack hook black three lines AY5101
422,Parker URBAN Metropolis series pink and white clip pen P0844870/F
423,Signage: Do not smoke 6X16cm (S16224)
424,"Super delicious cod cod with honey sauce 80g, economic package„ÄêAK07037„Äë"
425,Japan JEJ Postmodern storage basket #10 2 colors optional
426,0~2 years old baby short sleeve home suit magic baby~k50475
427,NIKE Nike WMNS ROSHE TWO sports casual shoes women 844931001 Big-O Sports
428,„ÄêTwinings„ÄëTangning Tea Strawberry Mango Tea (2gx25pcs)
429,Cat mask M-CM-202
430,ZS Cleome Personalized Women's Feather Jacket
431,Ikeabao Japanese-style kitchen magnetic absorption rack
432,Not picking color AQ1181 fast storage automatic winder/reel
433,MOMUS flocking powder puff (special for honey powder)
434,BLUE POWER Sony Xperia Z5/Z5 Compact/Z5 Premium 9H tempered glass protective sticker
435,NIKE AS LEBRON M NK THERMA PANT casual sports trousers men 857152010
436,Estee Lauder Estee Lauder Youth Intimate Cream 15ml*2
437,Amiss„ÄêC202-45„Äë Personality Totem‚ÄßTattoo Tights‚òÜPeach Heart Cat
438,Rival Kings Rival Kings Traditional Chinese Version Kaohsiung Ponzi Board Game
439,UNI M5-450 new limited-edition color launched in Japan
440,Ego QV Baby Care Bath Oil 250ml
441,LANCOME Lancome Rejuvenates Eye Essence 15ml TESTER
442,Zhuyou RB-60 A4 Pastel PP Information Book/60 pages
443,„ÄêKaiyi Music„ÄëChristmas student choice series book 3
444,Salvatore Ferragamo FREE TIME Extraordinary Journey Men Eau de Toilette Syringe 1.5ml
445,SAUGELLA Sagel Efficient Repair Moisturizing Gel Daily Use 30ml„Äê23709„Äë
446,Laifu NO.75 specially selected moxa ink pad / pc
447,New ADATA ADATA UV150 16GB USB 3.0 Mobile Disc Black Lifetime Warranty
448,Korea [Welfare] Bbia Golden Rose Collection Lipstick 3.5g Five colors optional
449,Japan Pipapu Animal Embroidery Beam Pocket/Bento Bag-Total 6 Styles
450,Lok Fu shoes women's shoes spring single shoes women flat bottom British style wild small leather shoes women
451,Zenfone/4/Selfie/Max/Pro/plus Yunyan Tiger Embossed Air Compressed Shell Anti-fall Shell Anti-shock ASUS Mobile Phone Case
452,Johnny Auction~ GOOSPERY Apple iPhone 7/8 Plus Pudding Case Soft Case Protective Case Protective Case
453,[Goldfish pond] Longde computer label paper 3 grid LD-807-W-B white 1000 sheets photocopy laser inkjet stickers
454,NOV Sunscreen SPF50 9g
455,LIYO V-neck wide-sleeved chiffon top E722016
456,Avene Soothing Dry Itching Cream 5ml
457,Momei'an-Fiber Enzyme Ingot-Personal Bottle (100pcs/bottle)
458,MSI MSI H370 GAMING PRO CARBON motherboard
459,„ÄêA-HUNG„ÄëStrong adhesive hook Hook (6 in) Non-marking hook Non-marking hook Hook Hanger Hanger Hanger
460,Taiwan MACRO Hyundai Dry Cone Built-in Protein Filter AWN-80 (2000L) Free Shipping
461,Fashion Color Striped Casual Shoes Blue/Pink/White„ÄêCF428-1„Äë
462,Batman vs Superman mobile phone case Samsung NOTE3 NOTE4 NOTE5 NOTE8 NOTE8 C9 PRO
463,ADIDAS RUN SHO M sports jogging shorts men AI3295 Big-O SPORTS
464,DOT spot XOTIC BOX LOGO BEANIE basic square patch cloth wool hat knitted hat warm pink red gray black men and women
465,[Bati Rose] Cypress essential oil
466,Pink Eyelashes Eye iPhone8 iPhone7 6s Plus I6 I7 i8 Case
467,KGH fashion casual messenger bag Korean version of the trend bike bag crossbody bag 801RR2276
468,Parker URBAN Metropolis Series Hacker Violet Ballpoint Pen P1906867
469,NIKE Nike EQUILIBRIUM MODERN TEMPO sports road running shorts women 723945010 Big-O Sports
470,SOTO Camping Light Wick ST-2101
471,Shock Crisis DVD VOL-12
472,„ÄêMurakami Masahiko„ÄëMicro-introduction of gold foil mask & massage cream
473,Apple wood sand + rose 6L
474,„ÄêHC STORE„ÄëWaterproof large-capacity backpack-Blue leaf fern
475,German JBL Treasure Novo Tom juvenile artificial suspension/soft feed 100ml
476,Magic Square Ball Pen [18-613]
477,BK-S1 BKS1 headphone accessory set
478,Apple iPhone 5 i Phone 5/5S mobile phone case/iP5/mobile phone case/protective case
479,ÔºäSmall Trail CultureÔºämt 2013summer _ mt slim 3mm B (MTSLIMS02)
480,TWICE mobile phone case ASUS ZENFONE 4 3 2 Deluxe Ultra MAX ZOOM LASER SELFIE
481,TOPPRO LADYS Imported 360 Degree Rotary Nail Scissors (M) TV-55M with Nail Knife [UR8D]
482,Corn Trend Shop PALACE Triangle LOGO British Tide Brand Short TEE Army Green
483,Fa Duo PHYTO No. 7 Hair Cream „ÄêToyama„Äë-50ml
484,Bonjouracc Rose Small Diamond Adjustable 925 Silver Pin Dangle Earrings
485,Ethnic style totem ankle socks (light gray)
486,Cross-body bag
487,Card Popcorn-Happy Party Box
488,US NASA EAST F40 premium steam locomotive competitive engine oil 15 bottles PG CITY
489,Huawei HUAWEI Y7 prime Y7s Y6 2018 Korean version of the mobile phone protective leather case protective sleeve mobile phone case
490,Korean style pin buckle women's belt
491,[Dayneeds] 120x45x180 five-layer paint punching iron frame
492,Jianqiao Xinyuan Meet Me Water SPA Tencel Soft Mask 6pcs/group
493,KGH Classic 15.6-inch Laptop Backpack 812DA9184
494,Molly round neck asymmetric printed dress/brown stone
495,US AIRWALK laptop bag backpack backpack computer bag thick zipper backpack A615323692
496,Laptop backpack computer bag 15.6-inch 14-inch waterproof anti-theft backpack backpack
497,Irregular elastic denim pants with large pockets
498,Japanese German bloody brutality DVD
499,OPPO mobile phone case cartoon fat cat F1F R7 R7S R7 A77 A51F R9 A73 A75 A79 R11 R15
500,Scale -15„éù*151
501,ASUS ASUS H-S340MC-I58400003T Desktop Computer
502,Polo Shirt Digital Armband Malaysia POLO Shirt (Men)
503,Truvii Classic Enamel Cup with Black Teak Handle 400ml
504,Parker Parker JOTTER Note Series Steel White Clip Ball Pen P0032770
505,CRYSTAL BALL ( GALSIA MARKEZ Crown Canvas Tote Bag )
506,Transcend 64GB camera memory card 300S series SDXC UHS-I U3 V30 supports 4K recording
507,Denim curled shorts
508,„Äê6879-0621„ÄëSlim strapless dress with metal ring hanging neck dress
509,ADIDAS D ROSE ENGLEWOOD IV TD basketball shoes men S85564
510,NIKE COURT ROYALE CANVAS Men's Casual Shoes (White AA2156100
511,Taste of Xun-No added pure tuna pine 130g
512,Korean. Silk pattern square earrings
513,Tinkerbell's Shop-Tuner/Metronome KORG TM-50 TM-60
514,MICHAEL KORS BEDFORD Lychee Metal Strap Cross Body Bag
515,JANSEN natural aroma handmade ink/tulip (dark red) 2108*reservation required
516,"Loafers flat white canvas shoes, shoes, one pedal lazy cloth shoes, small white shoes"
517,"""Little Loli"" canvas shoes cloth shoes student casual board shoes"
518,Taiwan TBS Green Lake DTPA iron agent AF027 20g water grass iron agent fertilizer
519,[NEW POWER] Flying woven air cushion shock absorption couple casual shoes
520,BETO CLD-032AG aluminum alloy portable pump
521,Hawk H31 Multifunctional Car Rear Seat Magnetic Bracket
522,ASUS ASUS Zenfone 2 3 4 5 6 selfie GO TV MAX 9H tempered glass protector glass sticker
523,[Innoshop play new] Sanrio train shape bath ball
524,3M 3036-6 Scotch sealing transparent tape 48mmx40y -6 roll in
525,‚ó§Bubble life‚ó¢ Japan CB Japan Flow kitchen series glass cutting board storage rack
526,Bessie Byer Tropical Fruit Juice 300ml*6
527,Taiwan-made multi-function hand-warming small roll pillow Magic Baby~id70-1_b
528,Legend of the Mirror DVD (30 episodes/6 pieces) Cai Shaofen/Yu Bo
529,All-match college style shoulder bag big bag BT-15104
530,NEKOPARA Vol mobile phone case HTC U Ultra U PLAY 10 PRO LIFESTYLE 728 830
531,Emoji little banana key pendant to relieve small things mobile phone pendant
532,"Apollo safe, safe, iron cabinet, treasury, treasury, treasure, wealth, must-have, company original warranty 30LR3C"
533,Tsaio Up Mountain Herbal Medicine Waterweed Balanced Shampoo 1000ml
534,iFairies Sleeveless Dress Floral Patchwork Sling Dress„Äê40413„Äë
535,Henze: Water Fairy CD Henze Ondine Conducted by Knudsen Ecuador choreographer Ashton
536,Gift-Vintage Motorcycle Key Ring Charm
537,Yogurt 0% Zero Valley Salmon Sensitive Formula-14lb Cat for All Ages
538,Liberty 6000 environmental whiteboard pen / support
539,Shiba Seba med Baby Lip Balm [Toyama]-4.8g
540,Fashionable simple and practical pillow 39 cushion cushion sofa decoration pillow
541,Israel Red Sea Red Sea K Potassium Test Group R21435 Seawater Test Group
542,French Beibei Aijia series-no rinse skin cleansing milk 200ml
543,Zhenghan spot iPhone6 ‚Äã‚Äã6s i6 Plus Disney Mickey Minnie couple shell mobile phone shell
544,Canada 3 Sprouts Toy Storage Box-Little Buffalo Taiwan Authorized Agent
545,LIYO Leisure Printing Tank Tank E722026
546,Australia CEDEL Propolis Antibacterial Sugar Free Toothpaste 110g (Value Three Enters)
547,Salvatore Ferragamo classic logo retro sunglasses
548,Pure cotton white shirt female literary self-cultivation wild white shirt professional wear
549,Mobile phone case green green leaf ASUS ZD551KL ZD552KL ZB551KL ZB552KL ZC554KL ZE554KL
550,Genuine spot pet space bag pet space capsule bag space capsule pet backpack pet hard shell bag pet out package
551,Children's hat T thick bristles extremely warm hooded jacket Magic Baby~k38781
552,Zebra S4A11 4-color Snoopy pen tube
553,Shining Shana phone case ZENFONE4 MAX SELFIE PRO ZENFONE AR 4 4S 3
554,Mitsubishi UM-170 national gel pen 0.7mm / support
555,Drinking wine and making black tea 200g„ÄêAK07020„ÄëGroup purchase of snacks i-style
556,Dido deflect-o 6CL0604 seat card holder (A)-130X70X60mm / piece
557,alfastar Bluetooth Sports Headset SH360B
558,‚ó§Bubble life‚ó¢ German PlayMais play corn clay compact box-horse
559,China's rising power DVD
560,Miravivi LG Optimus G Pro E988 You series stand-up notebook leather case
561,New Balance 574 series running shoes devil felt pink children's children's shoes KV574QGI no337
562,HATer Snapback Velvet Cap Velvet Cap-Black
563,Adidas Moisturizing Body Wash 250ml
564,Simple Buckle Shoulder Bag Chain Bag‚ÄßBT-16206 (Black/White)
565,„ÄêPentel Flying Dragon„ÄëXGFL (102~111) color writing brush / support
566,BOTANIST Botanical Body Wash 490ml
567,Augelute Baby Cotton Striped Jumpsuit 35011
568,HATer Snapback Velvet Bucket Hat- Burgundy/Royal Blue
569,Xiaomi/A1/MIX2s/plus fashion marble pattern crystal shell glass shell Xiaomi mobile phone shell
570,ALVIERO MARTINI Map Bag Map Scarf (45X180)
571,A807 stainless steel L-shaped sign holder 81X61X119cm S1-57010807
572,Thailand doikham royal dried tomato 140g single pack [cherry ornaments] [24566]
573,Czech SAK Ornamental ShrimpÈ£ºÊñô-Shrimp 75g sinking type
574,Cartoon Mickey Mouse mobile phone case Samsung A7 2017 A8 A8 2016 J3 2016 j3prime J7PRO
575,Korean waterproof nylon triangle iron brand backpack-Catsbag-46471024
576,kate spade two-tone leather backpack
577,Sunflower shoe buckle for flip flops noA06
578,Fleet Collection Mobile Phone Case OPPO R9 R9S R11 R11S PLUS F1 F1S A39 A57 A77
579,Sherlock Holmes-four autographed DVDs
580,Streamlight SURVIVOR LED flashlight Shopping168
581,Airpillow Samsung Note 4 / Note 5 fully covered air cushion transparent air pressure shell
582,KARL LAGERFELD fever topic cat mi hat (black)
583,All models Universe Marble Mobile phone case iPhoneX iPhone8 7 6s Plus i6 i7 i8 ix 5S SE
584,MIT different material streamline sneakers-Peach-SunnyQ
585,Fashionable Simple Practical Pillow 58 Cushion Sofa Decoration Cushion
586,„ÄêSEEBERGER Xidebao„ÄëChocolate Comprehensive Nuts (150g/bag)
587,COACH Cute Little Fox Leather Bag Charm Key Ring
588,Double Xu Instant Rice Noodles-Drunk Rice Noodles (3pcs/bag)
589,TIDE laundry soap 130g
590,Watsons Multi Moisturizing Mask 10pcs
591,Spot Lycome Sleep Mask Moisturizing Sleep Mask 120g Sleep Mask Before Bedtime Maintenance
592,iFairies Chiffon Top„Äê45804„Äë
593,CRYSTAL BALL√óShaun the Sheep„ÄéHave a sweet day!„Äè)
594,Stylish new personality girls Samsung S8 S8+ J7+ A5 A5 2016 A5 2017 A7 A7 2016
595,SWAROVSKI Swarovski 925 sterling silver bracelet E15
596,[Jiangdeng] NIKE PRO Adjustable Waistband 2.0 Sub-Regulatory Black NMZ15010SL
597,HATer Snapback Gunmetal Logo Beanie- Black
598,Samsung NOTE4 Mirror phone case High-quality material 360-degree all-inclusive protective aluminum alloy frame metal frame electroplating protective shell can be used as a mirror
599,Onacho California Flame Natural Raisins (360g*6 cans)
600,"Real Techniques, Eyes, Starter Kit, 5 Brushes + Case S107"
601,TSA Security Customs Lock (Made in Taiwan)
602,The Melancholy of Haruhi Suzumiya Episode02 Limited Edition DVD+ Collection Box
603,Samsung Note4 Note5 S6 ‚Äã‚ÄãS6edge S7 S7edge mobile phone shell jelly sleeve soft shell protective shell back scrub
604,Slippers Soft Q cushioning and comfortable slippers Magic Baby~sd0339
605,Taiwan-made single 3x6 foot double-sided cloth breathable mattress Magic Baby~u2322
606,Lace is thin and can be shorts-2 colors F M058527
607,"Spot üî•Tide brand version, brushed trousers FS319"
608,"PolarStar neutral windproof thermal jacket ""blue and green"" P18219"
609,Apple iPhoneX iPhone8 Plus iPhone7 Plus i6s Plus Cherry Blossom Series Soft Shell Mobile Phone Case
610,NEOTEC Hyaluronic Acid Efficient Moisturizing Gel 30ml 10pcs/box
611,Top Casual multicolor POLO cedar Elsa„ÄêTME5232„Äë
612,Personalized Tiger Phone Case I5S I6S I7S I8S I5 I6 I7 I8 I6+ I7+ I8+
613,Germany JANSEN handmade ink #2403 red wine / bottle
614,[Chishang Township Farmers Association] Ikegami Pineapple Dried 150g
615,MIG Mingjia TM-009A travel universal adapter / piece
616,Augelute Children's Set Home Forest Short Sleeve Set 31152
617,Rearth Samsung Note8 Note 8 Ringke Fusion fully covered transparent back cover phone case
618,Life Leif CB-335N Portable Cash Management Box/pc
619,iPhone 6/6S Phone Case Classic Plain Leather 4.7-inch Hard Case-Red
620,Yutengou-Roasted Chicken Leg Roulade 170g„ÄêBao Luo Pet Products„Äë
621,Johnny Auction~ NILLKIN Samsung Galaxy E5 Qin Series Flip Leather Case Card Protective Case
622,Taiwan UP Yabo-Simple Disposable CO2 System Group A-163
623,Japan Edison Toddler Learning Spoon Fork Set-Purple + Powder (with Storage Box)
624,A little lotus leaf blouse
625,Black Spot üñ§ Striped Flower Fabric Set #8891
626,CRYSTAL BALL ( CB Rachel Lace Flower )
627,Hill's indoor adult cat special formula 2kg/4kg
628,Electric toothbrush adult rechargeable soft hair smart vibration automatic toothbrush igo
629,1028 Oil Control Soft Focus Air Cushion Powder 01 Bright Skin 12g
630,Hole bow lazy jogging shoes peach 1CE28
631,Polo shirt Classic embroidery polo shirt (CUSTOM FIT)
632,ALVIERO MARTINI map bag fringed calfskin shoulder bag
633,2018 autumn and winter new moccasin lazy shoes white pink gray 1DA57
634,NATIVE JEFFERSON cream head casual shoes light shoes unisex 001006399
635,Korean. Knitted hole-like mesh breathable socks
636,American Baby Paper Baby Ring Paper Comforting Square-Peach Pink
637,Institut Karite Paris Shea Butter Rose Moisturizing Hand Cream 75ml
638,303489#Winston C mouth tablets-500 100 tablets/bottle#vitamin C
639,Mora Multilayer Sports Sunglasses Swan-GRB MOLA SPORTS
640,English padded sports vest with shoulder straps
641,iFairies Platform Sandals„Äê48920„Äë
642,Three Arrows Toast Burger Cutter K-2200
643,Venessa Arizaga Taipei ShopSmart Direct Store HOME GIRLS Silver Pendant Black Bracelet Set
644,Foam mousse bottle (60cc/240cc)
645,Squeak APW043 Xiaolu Books (Shopping Tide 8)
646,"Magic Girl iPASS ""LOVE KITCHEN"" Card"
647,ABSNY Silky Lasting Liquid Eyeliner ABLL01
648,Stylish simple and practical pillow 101 cushion cushion sofa decoration pillow
649,MICHAEL KORS Voyager scratch-resistant leather tote bag (middle)
650,Add the underwear subscript area „ÄêR333ÔºçHoney powder„Äë
651,PHYTO Hair Shampoo (100ml / 200ml)„ÄêParis Ding„Äë
652,Denim jacket * Elsa * BF loose worn denim jacket [TAE1767]
653,Slippers cute big bow tie wild slippers-3 ELSA„ÄêTSB8779„Äë
654,Korean running sports shoes women's shoes students single shoes women's shoes wild casual shoes
655,[LOVEDO children's clothing] Star Rocket back digging vest (dark blue)
656,Polo shirt classic denim pocket long sleeve shirt
657,Minimalist Cheliang can freely stack three drawers _3 in
658,Shude SC Multifunctional Locker-SCM3-3M6S
659,Coghlans Canada Coghlans #0044 North Arrow Thermometer Whistle
660,[Full face fragrance] Jujube mud pack 5pcs/pack (2 packs in total)
661,Japanese GEX five-flavored kittens with circulating water purifier 900ml GE2316
662,Moonstar walking shoes sports shoes brown men's shoes SUM1861 no193
663,Long coat OL aesthetic double-breasted houndstooth coat Elsa„ÄêTAK6174„Äë
664,„ÄêInnoshop play new„ÄëDisneyland Princess necklace in bottle
665,HUMAN PEACE casual shoes doll shoes black women's shoes no629
666,Signage: 9X25cm (S16083) during video surveillance
667,American FAT CAT cat grass toy
668,Iranian Movie~Heavenly Love DVD
669,alfastar fashion log in-ear headphones W412
670,Baby thin section and home vest magic Baby~k60513
671,MAKE UP FOR EVER Tote (37X7.5X39cm)
672,Jelly TUBE jelly grip rope (weak/medium/strong)
673,Chicken and Cow Phone Case OPPO R9 R9S R11 R11S PLUS F1 F1S A39 A57 A77 A75
674,ROYAL ELASTICS cross body bag shoulder black 517 0408 097 no041
675,KEYWAY RC-830 Lily wide anti-slip folding chair
676,70x45x180 cm four-layer shelf-black fashion
677,120X35X180 cm electroplated four-layer iron frame/wave frame/iron frame
678,Shiny screen protector SAMSUNG Samsung Galaxy Core Prime G360H G360G Xiaoqi machine bright sticker bright sticker
679,Delta TOPMORE 32GB microSDHC Class 10 memory card
680,Palmers natural olive essence hair root strong shampoo 400ml
681,ADATA ADATA UV130 Racing Action Disc
682,Canada 3 Sprouts Hooded Towel-Little Boar Taiwan Authorized Agent
683,Crystal Health Series 55g
684,Laifu NO.2398 HALLO 1Y price machine cotton / piece
685,AHC Fairy Water Sample Three Pieces Set
686,Kangdeshi COMDS protective gear series reflective VU-03 patella belt joint protection
687,Japan Kalita Red Copper Coffee Bean Spoon Coffee Spoon 10g
688,Top 100 Discovery in the World: Astronomy and Astrology DVD
689,Fun pure white bright face three-piece nurse role-playing suit white [AB01619] i-style
690,Blue Aurora 4-port USB hub 4 holes 4 switches
691,„ÄêLimited purchase of accessories„Äë120x35cm PP plastic pad for layer net
692,Sexy Sweet Satin Sleeping Shirt Blue-First Love Quiver„ÄêAB02355-1„Äë
693,High Definition HD-Reality Tour-Guilin DVD
694,Kenna portable tampon (short tube) ordinary type 10
695,iFairies coin purse„Äê46892„Äë
696,Platinum CP-90 ink pen
697,Canada HAGEN Hegen LAGUNA MAX-FLO sea and land motor 7600L/H-with base
698,Diatomaceous earth water absorption tread-Large (B7676)
699,Baby Hat Magic Baby~g3604a
700,KGH backpack backpack laptop bag Korean backpack travel backpack casual backpack KGH male 77c9218
701,GAP Children's Long Sleeve Logo Patch Top
702,Yinxin CPU03S/USB to Lightning cable/MFi Apple original certification/Silver
703,„ÄêToro„ÄëYouzhi 8*7 Door Wardrobe (CF610)
704,Save 20% off Organic Essence Natural Lip Balm 6g (Boxed)
705,QUEENSHOP „Äê04090331„ÄëMen's camouflage multi-pocket washed shorts
706,Tongchun 185 13K ten-segment interleaf paper / package
707,MACADAMIA American Maca Miracle Oil Ultra Moisturizing Hair Bath 100ml
708,Pok√©mon Pikachu mobile phone case Samsung S4 S5 S6 S7 EDGE PLUS S8 S8+ NOTE4 NOTE5 NOTE5 NOTE8
709,[Babyeo] optional 2 into three-dimensional silicone baby bib (five optional)
710,"""Pre-Order"" Merbliss Bridal Nurse Repair Mask 25g x 5pcs / Korea Wedding Bridal Mask Nurse Mask"
711,Depend x Amelie Beauty Hand Cleansing Spray Paris Series-Apple 15ml
712,‚òÖPerfect tailoring‚òÖM50305 Contrast couple casual baseball jacket
713,Waist drawstring simple dress
714,Thailand Chocolate Brownie Chips 60g„ÄêCherry Ornaments„Äë„Äê28592„Äë
715,hold live rose love colorful six-color eye shadow fruit makeup grapefruit makeup nude smoked color HL061
716,ELLE Á∂ìÂÖ∏Âπæ‰ΩïLOGOÊâãÊãøÂåÖ/ÊôöÂÆ¥ÂåÖ
717,ÂÖãÈ≠ØÊ†ºÁ∂≠‰ªñÂëΩÁôºÊ≥°Èå†(Á∂≠‰ªñÂëΩBÁæ§) Ê©òÂ≠êÈ¢®Âë≥„ÄêÂØåÂ±±„Äë-20Èå†
718,„ÄêPolarStar„ÄëËä±ÊºæËá™ÂãïÂÖÖÊ∞£Êûï„Äé‰∏âËßí„ÄèP17737
719,Âæ∑‰∏Ä Âç°Ë≥ÄÊñπÂ°äÈÖ•Ë¢ãË£ù300G
720,ËúúÂ¶Æ BioreÊ∑®Â´©Ê≤êÊµ¥‰π≥ - Ê∑®‰∫ÆÂÖâÊæ§Âûã1000ml Â§ßÂ≥∂Â±±Ëå∂Ëä±È¶ô
721,VIO ÊåáÂêëÊÄßÊ°å‰∏äÂûãÈõªÂÆπÈ∫•ÂÖãÈ¢®
722,French Aqua-Top Fish Scale Collagen Peach Flavor
723,Fashionable temperament fresh and practical hair band hair accessories hair hoop 306
724,Venessa Arizaga Taipei ShopSmart direct store YOU'RE ONE IN A MELON bracelet
725,Apple iphone7 i7 i8 plus i7+ ËòãÊûú Âç°ÈÄöÂèØÊÑõË∂¥Ë∂¥ÂÖ¨‰ªî ÊâãÊ©üÊÆº ÊâãÊ©üÂ•ó ‰øùË≠∑ÊÆº ‰øùË≠∑ËªüÂ•ó
726,NIKE ËÄêÂêâ NIKE AIR BERWUDA PRM Âæ©Âè§ÈÅãÂãïÈûã Áî∑ 844978300 Big-O Sports
727,Kingston Kingston DT106/64GB Flash Drive DataTraveler 106 64G USB3.0
728,ÊâãÊåÅÂºè‰º∏Á∏ÆË™øÁÑ¶LEDÊâãÈõªÁ≠í ÈôÑÊîØÊû∂ SINFW5349
729,ORIENT Oriental watch DATE‚Ö° mechanical watch FAC0000DD
730,‚òÖÂÆåÁæéÂâ™Ë£Å‚òÖM55508 ÈüìÁ≥ªÂö¥ÈÅ∏Âç∞Ëä±ÊäΩÁπ©Ë®≠Ë®àËàíÈÅ©‰ºëÈñíÁü≠Ë§≤
731,ÂØµÁâ©ÁãóÁãóÊâãÊ©üÊÆºINFOCUS M812 M810 M535 M808 M511 M2 M320
732,Â§èÊó•Ê∏ÖÊñ∞ËëâÂ≠ê ÊâãÊ©üÊÆº ASUS ZB551KL ZB552KL ZC554KL ZE554KL ZE520KL ‰øùË≠∑ÊÆº
733,ÈªèË≤ºÂºèËá™ÂãïÊÑüÊáâLEDÁáà Ê´•Ê´ÉÁáà LEDÂ∞èÂ§úÁáà L04069
734,HTC ÊâãÊú∫Â£≥ Âç°ÈÄö Â∞èÊ∏ÖÊñ∞ 626 728 816 820 825 826 830 U ULTRA U PLAY A9
735,R1Â∞ºÈæôÁÆÄ‰æøÂûãÈûãÂ•ó
736,ÈÄüÂ∫¶ÂÖ¨Âúí Schwalbe Tubular Gule ÁÆ°ËÉéËÜ† 180g
737,OUTERSPACE official‚ô¶ Jesus POLO shirt riding a donkey
738,HTC U11 Ultra Desire 10 Pro evo 830 728 X10 X9 Âç°ÈÄöË≤ìÂí™Ê∞¥ÈëΩÊÆº ÊâãÊ©üÊÆº
739,Âæ∑ÂúãÂéüË£ùÈÄ≤Âè£ Online Ë∂ÖÊôÇÁ©∫Ëß∏ÊéßÈãºÁ≠Ü 26009 - ÂØ∂Áü≥Á¥Ö F /ÊîØ
740,MORINOxLUCAS designer joint name-classic plain sports vest (value 3 into the group) MO5110
741,ËñîËñáÂ∞ëÂ•≥ Rozen Maiden DVD VOL-6
742,Â∑¥ÈªéËêäÈõÖ3Âêà1Á´ãÈ´îÁúâÂΩ©Á≠Ü#02Â∑ßÂÖãÂäõ
743,Ë∂ÖÂ§ßËôüÂÑ≤Áâ©Á∂≤ÂÖú 20*8cm Á∂≤ÁãÄÈõúÁâ©Êî∂Á¥ç„ÄêAE10120„Äë
744,ËèìÈùíÂ∏ÇÈõÜ È¶ôËïâËÑÜÁâá150g
745,"Keep warm in the cold, celebrity style one-button short coat Elsa„ÄêTAK6257„Äë"
746,ÁèæË≤® Â∞èÊ∏ÖÊñ∞ ÂÖ©‰ª∂ÂºèÊØîÂü∫Â∞º
747,Faber-Castell 1207 0.7mm refill / box
748,‚ó§Ê≥°Ê≥°ÁîüÊ¥ª‚ó¢ Ëø™Â£´Â∞º-Á±≥Â•áÁüΩËÜ†Ê≠¢ÊªëÈö±ÂΩ¢Ë•™(15-24cm)
749,SanDisk 64GB 128GB 256GB ULTRA FIT USB 3.1 ÈöèË∫´Á¢ü 64G 128G 256G
750,Acorn*Ê©°Êûú-ÈüìÈ¢®Â≠∏Èô¢È¢®ÂçÅÂ≠óÊâ£ÂæåËÉåÂåÖ6417(ÈªëËâ≤)
751,ÂØ∂ÂØ∂Èûã Â¨∞ÂπºÂÖíÊ≠¢ÊªëÂ≠∏Ê≠•Èûã È≠îÊ≥ïBaby~g3072
752,ÊÉÖËâ≤Êº´Áï´ËÄÅÂ∏´ÊâãÊ©üÊÆºÂ∞èÁ±≥Ê©üÁ¥ÖÁ±≥Ê©üNOTE 4X 6 2 3 4 5 4I 5S PLUS
753,Âï§ÈÖíÊµ∑Â∞ºÊ†πÊâãÊ©üÊÆºSONY Z2 Z3 + Z5 COMPACT M4 M5 C4 C5 Premium
754,Áè†Âèã ST-30039 Èò≤Ê∞¥Ë£ÖÈ•∞Â§ßË¥¥Á∫∏(05-08)
755,Èüì-ÊµÅËòáÁ≥ñÊûúÊíûËâ≤ËçâÁ∑®ÂéöÂ∫ïÂåÖÈûã-14420223
756,Roush - Á´ãÈ†òÈñãÈá¶Ë®≠Ë®àÂà∑ÊØõÂ∏ΩTEEE „Äê715583„Äë
757,Q3Ê©üËªäÁ≤æÂìÅ Âæ∑ÂúãÂéüË£ù AUTOSOL ÈáëÂ±¨‰∫ÆÂÖâËÜè Ë†ü
758,Êòü‰πãÂÜ† Êë©Ê¥õÂì•Ë≠∑È´ÆÈªÉÈáëÊûúÊ≤π (50ml)
759,ADH2990 adidas ÈáéÁîüÊà∞ÈöäÁüΩËÜ†ÈõªÂ≠êÈå∂-ÈªëÈù¢/Á¥Ö
760,iFairies ÈÅÆÈôΩÂ∏Ω ÂæåÈñãË°©Ëù¥Ëù∂ÁµêËçâÂ∏ΩÈò≤Êõ¨Â∏ΩÂ≠ê„Äê44216„Äë
761,PLATINUM Preppy ÁÇ´ÂΩ©ÈãºÁ≠Ü/Â¢®Ê∞¥ÁÆ°
762,„ÄêË≤∑ 2 ÈÄÅ 4 Ê¥ªÂãïË¶ãË©≥ÊÉÖ„ÄëKailash Khadi Ë±™ËèØËçâÊú¨ÊâãÂ∑•ÁöÇ - ËçâÊú¨ËúÇËúú 125g
763,DOUBLENINEÊôÇÂ∞öÈ∫ÇÁöÆÁµ®È¥®ËàåÂ∏ΩÂòªÂìàÂ∏ΩÂ≠óÊØçÂà∫Áπ°ÁôæÊê≠ÊΩÆÂ∏Ωs64613
764,Ë∂ÖËø∑‰Ω†Âè£Áê¥È†ÖÈèà (‰∏çÊåëËâ≤)
765,Fujitsu F500-256GB Âõ∫ÊÖãÁ°¨Á¢ü
766,Ê¢Ö‰∫öÂ•∂Â•∂ ‰π°ÊùëÂ§©ÁÑ∂ÁãóÂÆ†Á≤Æ 1.81/6.35 kg
767,„ÄêANCKO-USA„ÄëÊäóUVÊ∂ºÊÑüÂÜ∞T Ê∂ºÊÑüË°£-Áî∑Ê¨æ(Èªë)
768,SHILLS Â∞èËÖ∞Êõ≤Á∑öÂëºÊãâÈúú
769,ENVIROSAX Êæ≥Ê¥≤Áí∞‰øùË≥ºÁâ©Ë¢ãÂúãÊ∞ëÂìÅÁâå Bondi Pavilion ÈÇ¶‰ª£Êµ∑Â≤∏ Â§öÁ¥ã
770,Ëøë‰ª£Ê≠∑Âè≤‰∫∫Áâ©Á≥ªÂàóÁ¨¨‰∫åËºØDVD
771,GATSBYÈ´îÁî®ÊäóËèåÊøïÂ∑æ(Ê•µÂáçÂÜ∞Ê©ô)Ë∂ÖÂÄºÂåÖ
772,Beauty De Luxe Ë£∏ËÇåÁæé‰∫∫!Áî±ÂÖßËÄåÂ§ñ‰øùÈ§äÁµÑ
773,ÊáâÂè¨Â•≥ÈÉéÁöÑÁßòÂØÜÊó•Ë®òÁ¨¨‰∫åÂ≠£DVD
774,Christian Dior ÊôÇÂ∞öÁ≤óÊ°ÜÂ§™ÈôΩÁúºÈè°
775,ÁèæË≤®-ÂÖ©‰ª∂ÂºèÂ•óË£ùÂä†ÂéöËû∫Á¥ãÂ§ñÂ•ó+Èï∑Ë£ô M-XXL
776,Âè∞ÁÅ£JNSÁ£ÅÂê∏ÂºèÁèäÁëöÁπÅÊÆñÊû∂(Ëßí)H-40
777,Ëã±Â£´ACC Âç°ÂºèÂ∞èÊ•∑ÊØõÁ≠Ü / ÊîØ
778,ÂØ∂È¶¨ÁâåÁúüÈëΩÈö®ÊâãÊùØ250ml(SHWLV250)
779,Â§ßV‰∫§ÂèâÁªëÂ∏¶Ê†ëÂè∂ËøûË∫´Áü≠Ë£§S-XL
780,DR.WUÁéªÂ∞øÈÖ∏‰øùÊøïÁ≤æËèØÊ∂≤35ML
781,ÁÇ≠ÂùëÁπ™Â∏´Â±±Êú¨‰ΩúÂÖµË°õDVD
782,New Balance 247 ÈÅãÂãïÈûã Ë∑ëÈûã ÈªëËâ≤ ‰∏≠Á´• Á´•Èûã KA247T2P no338
783,SKECHERS Â•≥ Liv-High ÊÖ¢Ë∑ëÈûã - 99830WSL
784,Ê≥°Ê≥°ÂÖàÁîüÊâãÊ©üÊÆºSONY X XA1 XA ULTRA XZs XZ XZP X1 XZ1 Compact Z5 Z3+
785,ÁæÖÊäÄ C922 PRO STREAM Á∂≤Ë∑ØÊîùÂΩ±Ê©ü
786,ËâæÊ£ÆÁµ≤Ê≠êËã•ÊãâÂîáËúú 1329ml
787,ËäÆËè≤ÂÆ¢rarefattoÂ∑¥Ê¥õÂÖãÁ¥´Ëâ≤Á∏∑Á©∫Á¥ãÈ£æË®≠Ë®àÈãºÁè†Á≠Ü
788,AM-7072ZR Ëä±ËóùÁì∂
789,GCOMM iPhone 6S/6 Embossed Dots ÊôÇÂ∞öÂúìÈªûË∂ÖÁ∫ñÁöÆÂ•ó ÂÑ™ÈõÖËóç
790,ADISI ÁÉ≠Â§ÑÁêÜÂº∫ÂåñÈìúÂ§¥Ëê•Êßå AS16104 / ÂüéÂ∏ÇÁªøÊ¥≤
791,FM collection-Ë≥™ÊÑüÁúüÁöÆ‰ºëÈñíÂ∞èÁôΩÈûã-12260001
792,ADIDAS ÊÑõËø™ÈÅî ACCEL SHORT ÈÅãÂãïÁü≠Ë§≤ ‰ºëÈñíÁü≠Ë§≤ CE6969
793,Á´ãÂº∑ R8402D DÂûã‰∫åÂ≠îÁÆ°Â§æ -12ÂÄãÂÖ• / ÁÆ±
794,Â∑®ÂÄ´ MXA-6600 10‰ΩçÊï∏ÈõôÊéíÊ®ôÂÉπÊ©ü / Âè∞
795,P1232Á©∫ÈñìÂ∞çÁ≠ñ-Êó•ÂºèÊäòÂêàÊõ¨Ë°£Êû∂(ËßíÂûã32Â§æ)
796,Áü≠Â§æ ËêΩËëâÊ≠∏Ê†πÊµÆÈõïÁü≠Â§æ-Joanna Shop
797,iFairies Ê¥ãË£ù Á¢éËä±ÈÄ£Ë∫´Ë£ô„Äê42735„Äë
798,Amiss„ÄêA420-1„ÄëÈáëÈäÄËî•Âπ≥Âè£ËÜù‰∏äË•™(Èªë/ÈáëËî•)
799,KW -trio KW5330 Ë®ÇÊõ∏Ê©ü -12ÂÖ• / Êâì
800,<kk11>iphone 6 plus Âπæ‰ΩïÊº∏Â±§ÊãºËâ≤Á£®Á†ÇÊâãÊ©üÊÆºk1120
801,ÊàÄÊÑõÊö¥ÂêõÊâãÊ©üÊÆºSONY Z2 Z3 + Z5 COMPACT M4 M5 C4 C5 PremiumÊâãÊ©üÊÆº
802,ÈäÄÈáùÂÖ¨‰∏ªÂ§¢ÁöáÂÜ† ËÄ≥Èáò‚òÖifairies„Äê33924„Äë
803,ÂÖíÁ´•ÊãñÈûã Ëø™Â£´Â∞ºÁ±≥Â•áÊ≠£ÁâàÊãñÈûã È≠îÊ≥ïBaby~sk0249
804,MARLMARL Shorts Á¥≥Â£´Â∞èÁü≠Ë§≤-Ëî•Èùí
805,NIKE ËÄêÂêâ AS W NK DF KNIT TANK ÈÅãÂãïËÉåÂøÉ ÊÖ¢Ë∑ëËÉåÂøÉ Â•≥ 831497011
806,GARMMA iPhone 7 Hello Kitty ÈÄèÊòé‰øùË≠∑ËªüÊÆº - Ê∑òÊ∞£Ê¨æ
807,~ALL~STUSSY WORLD TOUR CREW Âà∑ÊØõÂÖßË£° Ê£âT ÁÅ∞Ëâ≤ 1913753
808,Kimo Êà∂Â§ñ‰ºëÈñíÈûã ÈªëËâ≤ Â•≥Èûã no544
809,NIKE ËÄêÂêâ CHEYENNE 3.0 PREMIUM ÈÅãÂãïÂæåËÉåÂåÖ BA5265011 Big-O Sports
810,ÊúâÊ©üÊ£âÁîúÁîúÂúàÂÆâÊí´Áé©ÂÖ∑ ohohminiÊ≠êÊ≠êÂí™Â¶Æ
811,iFairies iPhone6/ iPhone7Êï∏ÊìöÁ∑ö 1Á±≥„Äê32180„Äë
812,„ÄêMiss.Sugar„ÄëÂ®úËäô NOV Èò≤Êõ¨ÈöîÈõ¢ÈúúSPF35 PA++ 30g
813,„ÄêTORO„ÄëSN-2-8ÂÖãËéâÁµ≤Ê∑∫ËÉ°Ê°ÉÊú®Ëâ≤Áî∑Ê´É
814,ÂΩ©Èõ≤ÂúãÁâ©Ë™û2DVD VOL-7
815,BaseusÂÄçÊÄù ÁéãËÄÖÊâãÊú∫Êï£ÁÉ≠Âô® Êï£ÁÉ≠ÊâãÊüÑ ÊîØÊû∂ ÂÖÖÁîµÁîµÊ∫ê
816,Áæ©Â§ßÂà©Wave MONARKA ÂâçÁΩÆÈÅéÊøæÊ°∂ ÂúìÊ°∂ ÂÖçÈÅã
817,PoloË°´ Á∂ìÂÖ∏Á¥†Èù¢Â∞èÈ¶¨Âà∫Áπ°POLOË°´_ÈùíÂπ¥Áâà
818,ÊôÇÂ∞öÁôæÊê≠Ë≤ìÂí™Ëø∑‰Ω†Â∞èÊñπÂåÖ ÂñÆËÇ©ÂåÖ ÊñúËÇ©ÂåÖ„ÄäFM-AJ3023„Äã
819,„ÄêËø™ÁâπËªç3C„ÄëWOW OZAKI CS3150R 3.1È¢®ÊΩÆÊ©ü HiFi Áí∞ÁπûÂñáÂè≠ Âè¶Êúâ WW440 WR325
820,Augelute Áé´Áë∞Áµ®ÁâõËßíÈá¶ÈÄ£Â∏Ω‰øùÊöñÂ§ñÂ•ó 50605
821,Ëç∑Âè∂ËõãÁ≥ï‰∏äË°£+ÂÆΩÁÆ°ÈïøË£§Â•óË£Ö
822,MOSCHINO FRESH COUTURE Â∞èÊ∏ÖÊñ∞Â•≥ÊÄßÊ∑°È¶ôÊ∞¥ 100ml
823,HandscriptÊâãÁ®øÁ≥ªÂàóÈãºÁ≠Ü*EFÂ∞ñ
824,Áî∑Á´•Ê∂ºÈûã Âè∞ÁÅ£Ë£ΩPOLIÊ≠£ÁâàÈñÉÁáàÈÅãÂãïÊ∂ºÈûã È≠îÊ≥ïBaby~sa71106
825,ADIDAS ORIGINALS SUPERSTAR W ÁôΩËâ≤ Âà∫Áª£ Ëä±Âçâ ‰ºëÈó≤Èûã B28014
826,Áè†Âèã BI-03023 10Âêã ÂæÆÁ¨ë ÂúìÂûãÊ∞£ÁêÉ/Â∞èÂåÖË£ù
827,Ë£ïÂæ∑ U4462ÈõªËÖ¶ÂàóÂç∞Ê®ôÁ±§16Ê†º105X37mm-100ÂºµÂÖ• / ÂåÖ
828,Á∂≠Â∞º ÂçàËå∂ÊôÇÂÖâ Âç°ÈÄöÁù°Ë¢ã Á≤æÊ¢≥Ê£â Âè∞ÁÅ£Ë£Ω Ëø™Â£´Â∞º
829,Ë®ÇË£ΩÊ¨æ-ÂÖ∏ÈõÖÈ¶ôÈ¢®ÊØõÂë¢ÊãºÊé•È´òË∑üÈûã-12080050
830,ÂπºÂÖíÂ•óË£ù 0~3Ê≠≤ÂØ∂ÂØ∂ÁÑ°Ë¢ñÂ•óË£ù È≠îÊ≥ïBaby~k50409
831,ÊâãÊú∫Â£≥ ÂéüÂÆøÈ£é‰ªô‰∫∫Êéå ÂçéÁ°ï ZE520KL ZE552KL SELFIE ZE553KL ZS550KL ZS570KL
832,Q3Ê©üËªäÁ≤æÂìÅ GJMS ÂèØË™øÊãâÊ°ø ÁÅ∞ Âõõ‰ª£ÂãÅÊà∞ BWS R SMAX
833,[Ëä≠ËíÇËòøÁµ≤]Á¥ÖÁü≥Ê≥•ÊâãÂ∑•ÁöÇ ÊùêÊñôÂåÖ
834,Transcend 16/32/64 microSDHC Class10 60MB/s400XË®òÊÜ∂Âç°ÂÖ¨Âè∏Ë≤®
835,ÊÉÖË∂£ÂÅ¥ÈñãË•ü‰∫å‰ª∂ÂºèÁù°Ë•ØË°£ Á≤â -ÁîúËúúÊÉÖÊá∑„ÄêAB03549„Äë
836,ÊñúÁ¥ã„ÉªÈªë mtÂíåÁ¥ôËÜ†Â∏∂
837,Hello Kitty Âá±ËíÇË≤ì Èô∂Áì∑ È¶¨ÂÖãÊùØ ÁôΩËâ≤ Ê∞¥ÊùØ Ëå∂ÊùØ Èô∂Áì∑ÊùØ‰∏âÈ∫óÈ∑ó ÈüìÂúãÈÄ≤Âè£Ê≠£Áâà 029524
838,„ÄäJami Honey„Äã„ÄêJC3000„ÄëÂãïÁâ©ÁãÇÊ≠°ÊúÉ12Ëâ≤ÂΩ©Ëâ≤ÈâõÁ≠ÜÁµÑ
839,12ÂêãË∂Ö‰∫ÆÂ§úÂÖâÁ´ãÈ´îÂá∏Â≠óÈùúÈü≥ÊôÇÈêò 0737
840,„ÄêKALOYA„ÄëÁµïÂ∞çÈúßÊÑüÁµ≤Áµ®ÂîáÈáâ ‰∫îËâ≤‰ªªÈÅ∏(3g)
841,Êó•Ê®ôPORTER‰∫∫Ê∞£Èõ∂Èå¢ÂåÖ[NZP4]ÊüíÂΩ©Âπ¥‰ª£
842,Áí∞Â§™Âπ≥Ê¥ãÊâãÊ©üÊÆºOPPO R9 R9S R11 R11S PLUS F1 F1S A39 A57 A77
843,LANCOMEËò≠Ëîª Ë∂ÖÁ∑äÈ°è5DÂ§™Á©∫ÊåâÊë©Èúú75ml TESTER
844,DIYÂâ™ÁÄèÊµ∑Á•ûÂô®
845,ÈùíÂ∞ëÂπ¥ÂÜ¨Ë£ù13Âä†Áµ®Âä†ÂéöÊØõË°£Áî∑Â≠©14È´ò‰∏≠Â≠∏ÁîüÈáùÁπîË°´‰øùÊöñÁæäÊØõË°´
846,Reebok Èä≥Ë∑ë FURYLITE JERSEY Âæ©Âè§Èûã ÈÅãÂãïÈûã Â•≥ AR3043 Big-O Sports
847,TEVA Hurricance XLT2 ÂÖíÁ´•Á∂ìÂÖ∏ÁπîÂ∏∂Ê∂ºÈûã Ë¶ÜÁõÜÂ≠êÁ¥Ö 1019390CSRRS ÁèæË≤®
848,ÂâµÈÄ†ÂêàÊàêÁîüÂëΩDVD
849,‚ó§Ê≥°Ê≥°ÁîüÊ¥ª‚ó¢ ‰∫¨Á¥Ö È∫ªÊ≤πÁå¥È†≠Ëèá(ËõãÂ•∂Á¥†)
850,Ëó•Á¥öÈ∫•ÁõßÂç°15+Ê•µÊïàÈúú 50g
851,OPPO VOOC mini Êñ∞Ê¨æ ÂéüÂª†ÈñÉÂÖÖÈõªÊ∫êÈÅ©ÈÖçÂô®AK779 (Áí∞‰øùÁ¥ôÁõíË£ù) MR03AK779W1
852,NIKE Â•≥ WMNS NIKE AIR ZOOM PEGASUS 35 ÊÖ¢Ë∑ëÈûã - 942855602
853,„ÄêHARIO„ÄëTCAÊøæÂô® F-103S
854,„ÄêË±êÈ£üÂ†ÇÂïÜÂüé„ÄëÊÜ∂È∫óË≤ùËòø YILIBALO Ëá™ÁÑ∂Ëâ≤ÂΩ© ÊüìÈ´ÆÈúú
855,Âç°ÈÄöÂ§ßËôüË≠∑ËÖ∞Èï∑Ê¢ùÈù†ÊûïËÖ∞ÊûïÊ≤ôÁôºÈù†ËÉå YX050427
856,Áî∑Â£´ÈáùÊâ£ÁâõÁöÆËÖ∞Â∏∂
857,ËìùËä±ÁôΩË±πÁ∫π_ÊÄßÊÑü‰∏≠ËÖ∞ÂºπÂäõË¥¥Ë∫´ÂÜÖË£§
858,Salvatore Ferragamo ÊôÇÂ∞öÈÄ†ÂûãÂúìÈù¢Â§™ÈôΩÁúºÈè°
859,ÂçéÁ°ïZE620KL ZS620KL ZC600KL ZB570TL ZD553KLÊâãÊú∫Èí¢ÂåñÁéªÁíÉËÜú
860,ADIDAS ÊÑõËø™ÈÅî TF MCB MCHTH ÊúâÊ∞ßÈüªÂæãBRA ÈÅãÂãïÂÖßË°£ Â•≥ AK0238 Big-O SPORTS
861,Caran d''AcheËâæÂèØÊúµHeritageÈãºÁ≠ÜMÂ∞ñ*958.349
862,‰∏ÄÈ´îÊàêÂûãÂÖ¨Ë∑ØÂÆâÂÖ®Â∏ΩÂ≠ê
863,Áî∑Â£´‰∫ûÈ∫ªÈï∑Ë§≤Á∞°Á¥ÑÁî∑Ë§≤
864,iFairies ‰∏≠Â§ßÂ∞∫Á¢ºÊ¥ãË£ù ÈÄ£Ë∫´Ë£ô„Äê45074„Äë
865,ÂåóÊäïÊúÄÂæå‰∏ÄÁè≠ÂàóËªäDVD ËòáÊòéÊòé/ÊùéÂøóÂ•á
866,Áß¶ÂÆâÈßøÈºì-Â§ßÂîêÂÖ≠ÈßøDVD
867,„ÄêÈÄüÂ∫¶ÂÖ¨Âúí„ÄëParkTool SCW-16 Â∞àÊ•≠ÂûãËä±ÈºìÁî®ÈñãÂè£Êâ≥Êâã
868,Êç∑ÂÖã SAK Ô§ΩËóªÔ®´Ô¶æ ËñÑÁâá 25g È£ÑÊµÆÂûã Áï∞Âûã Â≠îÈõÄÈ≠ö È∫óÈ∫ó
869,ÈòøÊ≥¢ÁæÖ Excellent e‰∏ñÁ¥ÄÈõªÂ≠ê‰øùÈö™ÁÆ±_Êô∫ÊÖßÂûã(300BLD)
870,ÊâãÊ©üÊÆº ÂèØÊÑõÂç°ÈÄö ‰∏âÊòü S6 S6-edge S7 S7-edge S8 S8+ A8-2016 J7-2016È∏öÈµ°ÂÖÑÂºü
871,FattiesÊâãÂøÉÊöñÊöñÂåÖ_‰øèÁöÆÁçÖÂ≠êLion(ÂãïÁâ©Áé©ÂÅ∂)
872,ETUDE HOUSE Ëá™ÁÑ∂ÊΩ§Ëâ≤‰øùÊøïÂîáÈú≤ 10g
873,„ÄêËÅ∑‰∫∫ÊºÅÂÖ∑„ÄëÊÖ¢ÈÄüÈêµÊùøÈâ§ Á∞°ÊòìÂåÖ Èá£È≠öÂ∞àÁî®ÈÖç‰ª∂
874,Ê≠êÁë™Â∑¶ÊóãC Á∑äÁ∑ªÈù¢Èúú50g (ÂéüÂÉπ4500ÂÖÉ)
875,Êò•Â§©SPAÊ≥°Êæ°Ê°∂~ÈôêÂÆÖÈÖç (BX2)
876,‰πùÂàÜË£§Áî∑ÂÆΩÊùæÂ∞èËÑö‰ºëÈó≤Ë£§ÊΩÆÊµÅÁî∑Â£´Ë£§Â≠ê YX042813
877,Â§öÂΩ©ËàíÈÅ©Ê£âÁ¥†Èù¢ÁôæÊê≠Â§ßÂ∞∫Á¢ºPOLOÁü≠Ë°´_Ëñ∞Ë°£Á¥´
878,„ÄêHello Kitty„ÄëÂá±ËíÇË≤ìÂæåËÉåÊõ∏ÂåÖ-Á≤âÁ¥Ö(KT-6653)
879,ËÄ≥ÁéØ Áé∞Ë¥ß 18203„ÄàÊü≥Ê©ô„ÄâÂåÖË£ÖË¢ãËÄ≥ÁéØ ÊêûÊÄ™ ÂèØÁà±
880,Ë∂ÖËÉΩËüªÁî∑Â≠©DVD
881,ÁéâÁ±≥ÊΩÆÊµÅÊú¨Ëàñ CLOT Â§™Ê•µÊ≠£ÂçàÁ∑ö Áü≠TEE ÁÅ∞Ëâ≤
882,J II ÈõôÁÆ≠È†≠Â∞èÊ¨æÂ∞ºÈæçÂæåËÉåÂåÖ-6171
883,Èí±ÂåÖ ÊâãÊú∫ÂåÖ ÂèåÈ¢äÂ±Ç ÈÄöÁî®ÂåÖÊ¨æ ËÇ©ËÉåÂ∞èÂåÖ ÂèåÂ±ÇÊãâÈìæÂåÖ
884,Â∑¥ÈªéËêäÈõÖÂÆåÁæéUVÂÖ®ÊïàÈò≤Ë≠∑ÈöîÈõ¢‰π≥Ê∂≤SPF50(ËÜö)
885,NEW BALANCE 574 KL574SKG Â•≥Ê¨æ ÊÖ¢Ë∑ëÈûã È∫ÇÁöÆ Á∂≤Â∏É ÈªëÁôΩÁÅ∞
886,Á∞°Á¥ÑÊ∏ÖÊñ∞ ÊâãÊ©üÊÆº ËèØÁ¢© ZE520KL ZE552KL ZE553KL ZS550KL ZS570KL ZD551KL
887,DISNEY üéÄ ÁîúËúúÁàÜÊ£ö~Á¥†Ëâ≤ÁöÆË≥™Á∂ÅÂ∏∂‰ºëÈñíÈûã ( Á∂†Ëâ≤ )
888,LANCOMEËò≠Ëîª Ë∂ÖÊ∞¥Â¶çËàíÁ∑©‰øùÊøïÊ∞¥ÂáùÈúú50ml TESTER
889,Â∞èÂèÆÂôπÁöÑÂ∫ó - Âè∞ÁÅ£ JTS FGM-170T Carbon 170CM ËêΩÂú∞ÂºèÈ∫•ÂÖãÈ¢®
890,È´òÂØÜÂ∫¶ÁëúÁèàÁ£ö 4*6*9 50D EVAÁëúÁèàÁ£ö(1/PCS)
891,HABA ÁæéÁôΩËßíÈØäÁ≤æÁ¥îÊ∂≤15ml
892,CENTURIONÁæéÂúãÁôæÂ§´Èï∑29ÂêãË°åÊùéÁÆ±- ÈáëÈªÉÁßãÁî∞ E06
893,ÈõôÊãâÈçäÂè£Ë¢ãÁ¥îËâ≤Èò≤Ê∞¥Â∞ºÈæçÂæåËÉåÂåÖ-Catsbag-4531107
894,Á¥îËâ≤Ê£âÈ∫ªÊµÅËòáÂúçÂ∑æ„ÄäÊµÅËòáÊ¨æ„Äã
895,Á≠ÜË®òÊú¨ÊäΩÈ¢®ÂºèÊï£ÁÜ±Âô®ÂÅ¥Âê∏ÂºèËÅØÊÉ≥Êà¥ÁàæËèØÁ¢©ÈõªËÖ¶È¢®ÊâáÊ©ü15.6ÂØ∏14 YX050427
896,ÁÅ´ÁÉàÈ∏ü Ëä±ÂÑø ÁéªÁíÉÈïúÈù¢ ÊâãÊú∫Â£≥ S9/S9+/J7+/s7 edge/J7Prime/NOTE8/A8 2018 ÂêäÈ•∞Â≠î
897,Â±ÖÂÆ∂Â§ßÈù†Â¢ä Âè∞ÁÅ£Ë£ΩÂÆ∂Áî®ÂØ¢È£æ È≠îÊ≥ïBaby~id8_p
898,Êó•Êú¨ KITTA ÊîúÂ∏∂ÂûãË≤ºÁ¥ô SealÁ≥ªÂàó ËÉñËÉñÂãïÁâ©
899,È¶¨Âç°ÈæçÂô¥Ê∞¥Âô®300ml(132671)
900,Ê≥ïÂúãËîªËòøËò≠KLORANE ÊòéÊòüÈ§äÈ´ÆÁ¶ÆÁõíÁµÑ„ÄêÂØåÂ±±„Äë- 400ml 2ÂÖ•+200ml 1ÂÖ• È§äÈ´ÆÊ¥óÈ´ÆÁ≤æ
901,‚ù§KELRA‚ù§ Â§©‰ΩøÁøÖËÜÄÊ∞¥ÈëΩÊàíÊåá
902,New Balance Â•≥ 90ËΩªÈáèË∑ëÈûã ÊÖ¢Ë∑ëÈûã- WSONIBS
903,ÊÉÖ‰æ∂Ê¨æ ÊâãÊ©üÊÆº ASUS ZE551ML ZE500KL ZE550KL ZC520TL ZC551KL ZC553KL
904,ÊùøÈûã‰ºëÈñíÈûãÁî∑Â£´ÈÅãÂãïÊùøÈûãÁî∑Â∏ÉÈûã
905,ASUS ÊâãÊú∫Â£≥ Èü©È£é ÂåπËØ∫Êõπ ZE520KL ZE552KL ZE553KL ZE554KL ZD552KL Z00
906,Ê¥ª‰∫∫ÁîüÁ•≠DVD
907,ÂØ∂ÂØ∂Â±ÖÂÆ∂Â•óË£ù Ë∂ÖÂéö‰∏âÂ±§Ê£âÊ•µÊöñÁù°Ë°£Â•óË£ù È≠îÊ≥ïBaby~k60432
908,Êú™‰æÜÊó•Ë®òÊâãÊ©üÊÆºSONY X XA1 XA ULTRA XZs XZ XZP X1 XZ1 Compact Z5 Z3+
909,ARTEX Give me a handÊâãÂΩ¢Á≠ÜÂ∫ß ‰∫ÆÈäÄ(‰∏çÂê´Á≠Ü)
910,Ê¢ùÁ¥ãÊ≥¢Èªû ÊâãÊ©üÊÆº Samsung S7 S7 edge S8 S8+ J7+ A5 A5-2016 A5-2017 A7
911,Êà∞Ë®òÊò†Áï´Êà∞Âæå60Âë®Âπ¥Á≤æÈÅ∏-Êó•Êú¨Êµ∑Êà∞Á∂ìÂÖ∏DVD
912,ÂΩ©ËôπÊ©°ËÜ†ÊùØÂà∑ Â•∂Áì∂Âà∑ ‰øùÊ∫´ÊùØÂà∑ ÊùØÂà∑ SINF6695
913,iFairies ËÄ≥Áí∞„Äê46207„Äë
914,ÊñΩÂæ∑Ê®ì Ergosoft ÂÖ®ÁæéÈªÉÊ°øÈâõÁ≠Ü-Âä†ÂØ¨Âûã12ÊîØÂÖ• MS153
915,ÂÖÉÊ∞£ÂÆ∂ È¶ôÊ©ôÁâá(200g)
916,Áî∑Á´•Ë£ù Âè∞ÁÅ£Ë£ΩÂπºÂÖíÂ§èÂ≠£ÂìàÂÄ´Áü≠Ë§≤ È≠îÊ≥ïBaby~k50327
917,STÈõû‰ªîÁâå ÈÉ®Â±ãÊ∂àËá≠Âäõ-ÊàÄÊÑõËä±ÊûúÈ¶ô400ml ST-124503
918,ÁôΩÂÖ∞Ê∞è Ê¥ªÈ¢úÈ¶•ËéìÈ•Æ 50ml 14Áì∂Ë£Ö
919,„Äêsofertic„ÄëÁà±ÂÄ™ÁæäÊïÖ‰∫ãËØ≠Ë®ÄÂ≠¶‰π†Êú∫(ÊïÖ‰∫ãÊú∫) T
920,Âπ∏ÈÅãÊòüDVD VOL-07
921,QUEENSHOP „Äê01022815„ÄëÁî∑Ë£ù Êº∏Â±§Áâõ‰ªîË•ØË°´ S/M/L/XLÔºäÈ†êË≥ºÔºä
922,NIKE ËÄêÂêâ JORDAN FLIGHT RUNNER 3 Á±ÉÁêÉÈûã Áî∑ 820253603 Big-O Sports
923,ÂéöÂ∫ïÊùæÁ≥ïÂ∫ïÂÜÖÂ¢ûÈ´òÊóÖÊ∏∏ÈûãÂéüÂÆø‰ºëÈó≤Â•≥Èûã YX042813
924,Sport ËºïÈáè Ê•µÁ∞°‰∏ªÁæ© È∫ªËä±ÁπîÂ∏É Â§™Á©∫ÈÅãÂãïÈûã-09709
925,Áé©ÂÖ∑ÁúºÁùõ 12m/m / ÂåÖ
926,ÁæéÂúãCrawlingsË∂¥Ë∂¥Áà¨Ë≠∑ËÜùÂ•óÂÖ¨‰∏ªÁöáÂÜ† (2015Êñ∞Ê¨æ)
927,ÈüìÂúãÂÄãÊÄßÈ∫ªËä±ÂØ¨ÈÇäÊâãÈê≤ Small Puzi „ÄêB11051„Äë
928,Ëá™ÁÑ∂ÁæéÈ∫óÁöÑ‰øùÈ§äÂøÉË∂®Âã¢
929,„ÄêMIHONG„ÄëAnthocyanin Lutein x 8 packs (30 capsules/pack)
930,MAX-HD-10DFLÔºàNEWÔºâ ÈáòÊõ∏Ê©ü
931,HTC A9s X10 Desire 10 Pro Evo U PLAY X9 Desire 728 ÊâãÊ©üÊÆº Â§©ÈµùÊµÅËòá
932,Breathable canvas shoes Harajuku thick bottom sports increased pink sneakers
933,Amiss„ÄêA110-35„ÄëÁç®ÂÆ∂‚òÖÊó•Á≥ªÁ∂ìÂÖ∏-Â§ßÂ∞èÊ°ÉÂøÉ
934,CANMAKE Âè™ÁÇ∫Â¶≥Â≠òÂú®ËÆäËâ≤ÂîáËúú 212-023g
935,C10J1 Á∂ìÂÖ∏ ÁöÆÂ•ó OPPO R15 / R15 Pro ÊâãÊ©üÊÆº ÁøªËìã ‰øùË≠∑Â•ó Á∞°ÂñÆ Êñπ‰æø Á¥†Ëâ≤ ÊèíÂç° Á£ÅÊâ£ ÊâãÊ©üÂ•ó
936,ÂêâÂä†Âêâ È´òËÉåÂçäÁ∂≤ ÈõªËÖ¶Ê§Ö ÂûãËôü105 LUA Â§öËâ≤
937,SCÂè∞ÁÅ£Ë£ΩÈÄ†-Ë±™ËèØÂûãDIYÊØçÊèí
938,Âì≠Ê≥£ÁöÑÂç∞Â∫¶ÔºöÊµ¥ÁÅ´Êñ∞Â®òDVD
939,Âú∞‰∏≠Êµ∑Á≥ªÂàó ÊòüÊòüÊéõÈ£æ Â±ÖÂÆ∂Êì∫Ë®≠ zakka
940,„ÄêPentelÈ£õÈæç„ÄëZEH-20 Ê®ôÊ∫ñÂûãÊ©°ÁöÆÊì¶ 12ÂÄã/Áõí
941,BAISKY Áî∑Ê¨æÁü≠ËªäË°£ NEW WAVE ÁÅ∞
942,ËæõÊôÆÊ£ÆÂÆ∂Â∫≠ÊâãÊ©üÊÆºSONY Z2 Z3 + Z5 COMPACT M4 M5 C4 C5 Premium
943,ÂåÖË¶ÜÂºèÂΩ©Ëâ≤‰øùÊΩîÂ¢ä (ËàíÂøÉÁ≤â) -Èõô‰∫∫Â∞∫ÂØ∏
944,Á≤âÂ´©ÊãºÊé•‰ΩéË∑üÂåÖÈûãÔºéÁôΩÈ≥•È∫óÂ≠ê
945,Âè∞ÁÅ£AZOOÊÑõÊóè- Êµ∑Ê∞¥È≠öÁ∂úÂêàÊµ∑Â†± AZ90174 Êµ∑Ê∞¥È≠öÁ∂úÂêàÊµ∑Â†±
946,ÂçéÁ°ï Â§ßÁêÜÁü≥Á∫π ÊâãÊú∫Â£≥ ZB551KL ZC554KL ZE554KL ZE552KL ZE520KL ZB552KL
947,Estee Lauder Fashion Side Shoulder Bucket Bag Three-Piece Set
948,Ëá™ÁôΩËÇå ÁéªÂ∞øÈÖ∏‰øùÊøïÊ•µÊ∑®Âç∏Â¶ùÊ∞¥ 240ml
949,‰Ω†ÁöÑÂêçÂ≠óÊâãÊ©üÊÆºËèØÁ¢©ZENFONE 4 3 2 Deluxe Ultra MAX ZOOM LASER SELFIE GO
950,„ÄêKiro cat„ÄëÊàÄÊÑõ catÂí™Èò≤Ê∞¥Â∑•‰Ωú/Â±ÖÂÆ∂ÊãºÂ∏ÉÂúçË£ô „Äê230560„Äë
951,Áî∑ÈûãÈÅãÂãïÈûãÁî∑‰ºëÈñíÈûãË∑ëÊ≠•ÈûãÊ∞£Â¢äÈûãÂ≠ê
952,„ÄêHARIO„ÄëÈªëËâ≤ÁúüÁ©∫02‰øùÊ∫´Â£∫ VHS-60B
953,PILOT ÁôæÊ®Ç HFGP-20R7 ‰∏ÉÂΩ©ÊêñÊêñËá™ÂãïÈâõÁ≠Ü 0.7mm / ÊîØ
954,Personalized printed phone case HTC ONE ME 820 830 826 816 628 626 728 A9 X9
955,Bonjouracc is Korean. Three-dimensional hoop triangle zircon earrings
956,South Korea E-glips Nini Bear Mirror [Enter] [Cherry Ornaments] [26593]
957,Germany KAWECO Supra series brass pen
958,Kose Kose Sekkisei Cherish the Ocean 5-Piece Set
959,Bear Palm Anti-mosquito Liquid (6h Herbal Cooling Type)
960,AO Provence Rose Essential Oil 5ml. Rose Abs Maroc. Aqua Oleum British original
961,An An Adult Pants Clean Type L~XL (12+1 Pieces) X6 Bag/Box
962,Hill's 7+ years old adult cat hair ball control formula 2kg/4kg
963,<kk14>iphone 6 /6s punk rivet hair ball charm universal mobile phone case k1411
964,Space DIY drawer divider Super simple and convenient storage management
965,COACH LOGO Leather Flip Long Clip
966,Mammy village postpartum tight pants (M~XL) 56864 good doll
967,Boots Snow Boots Wool Inner Warm Black Women's Shoes B6217 no332
968,Cartoon mobile phone case Pokemon ZE520KL ZE552KL ZE553KL ZC553KL ZC554KL ZE550KL
969,„ÄêMORINO„Äëmicrofiber large towel (value set of 2)~MO725
970,NIKE Nike WMNS NIKE AIR ZOOM PEGASUS 34 high-end jogging shoes women 880560001
971,DAMO TOPMORE STone Dual USB Car Charger 3.1A
972,Keith pure titanium Ti5312 children's spoon fork/titanium tableware
973,MERRELL MOAB FST 2 GTX multi-function shoes dark green men's shoes ML77447 no924
974,LIYO English Scrabble Bead Top E722023
975,Platinum Ink for Adjustable Pen *INKM-1200
976,üéÄLeather women's small portable/cross-body bagüéÄ
977,"Multi-function touch bicycle, bicycle, bicycle front bag s125"
978,SunnyQ-ÈÄèÊ∞£Á∂≤Á¥óÈñÉÈëΩÊá∂‰∫∫ÈûãÔºéËóç
979,iFairies zircon tassel earrings [33531]
980,Taylor Swift phone case SONY Z2 Z3 + Z5 COMPACT M4 M5 C5 Premium
981,American Kid O Transportation Series-Puff Car-Blue
982,Guanghua GHN-3621 Duplex Straight Non-Carbon Paper Copy Valuation 20pcs/pack
983,NEW BALANCE 247 all white socks retro casual shoes MRL247DD
984,Newton S6 Adult Dog Chicken Pumpkin 2.72KG„ÄêBao Luo Pet Products„Äë
985,120x45x150 three-layer paint punching iron frame
986,Sanrio Sanrio ring buckle mobile phone holder_Hello Kitty big head series
987,College style wild lace lace drawstring shorts-M051058
988,Side Backpack Crossbody Bag Leather Diamond Bag QSF Bag
989,„ÄêNatural Replenishment„ÄëCollagen Rose Drink 200ml/bottle
990,Tongmu sand-rose 6L
991,Frozen Snow White Forest Blue Cartoon Sleeping Bag Made in Taiwan Disney
992,Jiebao CP-820C-2H public row chair / group
993,Canada 3 Sprouts storage box-rabbit authorized agent in Taiwan
994,Lida ABEL 66189 A4 horizontal plate clamp (random color shipment) / piece
995,„ÄêHippoRed„ÄëFun torn ‚òÖUnique style ‚òÖMid straight jeans O591_445
996,Children's suit Taiwan-made thin long-sleeved home suit Magic Baby~k60092
997,LONGCHAMP Le Pliage Neo high-density nylon backpack (medium)
998,iFairies adjustable ring with opening‚òÖifairies„Äê56472„Äë„Äê56472„Äë
999,"PolarStar Women's Perspiration Drying T-Shirt ""Black"" P18102"
